,Author ID,Tweet ID,Language,Created at,Text,Word Count,New Tweet,Word Count,Location,Retweet Count,Subjectivity,Polarity,Analysis
1,599628533,1.69E+18,en,2023-08-21 10:26:24+00:00,"RT @theliamnissan: Lauren Boebert calling for the abolishment of the Dept of Education is like chlamydia speaking out against ""the dangers‚Ä¶",21,lauren boebert calling abolishment dept education like chlamydia speaking out against dangers,12,,3560,0,0,Neutral
2,1.09E+18,1.69E+18,en,2023-08-21 09:14:02+00:00,"@amerix I wish I had read seen post last week, I bought Ascorbic cough syrup, Amoxicillin (Amoxiclave), Ibuprofen and paracetamol. You are always on time Dr!",26,wish had read seen post last week bought ascorbic cough syrup amoxicillin amoxiclave ibuprofen paracetamol are always time dr!,19,,0,0.066666667,0,Neutral
3,1.03E+18,1.69E+18,en,2023-08-21 09:09:19+00:00,"@bearish0411 if its COVID, amoxicillin will not work. Pretty sure a doctor will not prescribe this if he/she thought it was COVID.",23,its covid amoxicillin will not work pretty sure doctor not prescribe thought covid,10,,0,0.944444444,0.375,Positive
4,2245928095,1.69E+18,en,2023-08-21 09:09:16+00:00,"@missmulrooney alarm. got it. coincidentally, i‚Äôve just started on Amoxicillin today so this is useful",14,alarm got coincidentally i have just started amoxicillin today so useful,10,,0,0,0.3,Positive
5,1.59E+18,1.69E+18,en,2023-08-21 08:47:58+00:00,RT @skdembe: #BeAntibioticsAware... It's #AntibioticAwarenessWeek! The antibiotic that best matches my personality is  Amoxicillin - Which‚Ä¶,15,#beantibioticsaware it is #antibioticawarenessweek! antibiotic best matches personality  amoxicillin,8,,1,0.3,1,Positive
6,388774547,1.69E+18,en,2023-08-21 08:47:22+00:00,''took her straight to drs AGAIN where the doctor this time says she can hear pockets of rattling&amp;it‚Äôs a definite CHEST INFECTION(ongoing for wks most likely)..to which she replied it wasn‚Äôt normal&amp;she should be taken to be seen if that happened again.She‚Äôs been given amoxicillin,49,took straight drs again where doctor time says can hear pockets rattling it is definite chest infection ongoing wks most likely replied was not normal should taken seen happened again she is been given amoxicillin,32,,0,0.466666667,0.233333333,Positive
7,1.48E+18,1.69E+18,en,2023-08-21 07:40:46+00:00,Oh but Im allergic to amoxicillin,6,but im allergic amoxicillin,4,,0,0,0,Negative
8,1.13E+18,1.69E+18,en,2023-08-21 06:53:13+00:00,I thought I was weird for liking Amoxicillin taste but seems like it is indeed tasted better than any other antibiotics #TIL https://t.co/eZ4sgvsRPX,23,thought weird liking amoxicillin taste but seems like indeed tasted better than any other antibiotics,15,,0,0.625,-0.041666667,Negative
9,830271474,1.69E+18,en,2023-08-21 05:23:58+00:00,I do have a drawer with all kinds of odd meds and I found some amoxicillin. It can't hurt right?,20,do have drawer kinds odd meds found some amoxicillin can not hurt right?,13,,0,0.392857143,0.05952381,Positive
10,1.58E+18,1.69E+18,en,2023-08-21 04:41:05+00:00," @LouDobbs @drpaulmarik1 You trump cult fools. We pushed hydroxy &amp; ivermectin, anti- inflammatory budesinine  for lungs, corticosteroids, high doses of VITA C , VITA D, Zinc , Curceritin, apple pectin and Augmentin amoxicillin for secondary lung infections in March of 2020. That protocol saved hundreds‚Ä¶ https://t.co/dxYmM8MG2Z https://t.co/nU0FbtAsX6",43,trump cult fools pushed hydroxy ivermectin anti- inflammatory budesinine lungs corticosteroids high doses vita c vita d zinc curceritin apple pectin augmentin amoxicillin secondary lung infections march 2020 protocol saved hundreds,30,,1,0.42,-0.07,Negative
11,1.39E+18,1.69E+18,en,2023-08-21 03:24:47+00:00,with all of my existing GI issues I should be more than prepared for what this amoxicillin is currently doing to my stomach,23,all existing gi issues should more prepared amoxicillin currently doing stomach,11,,0,0.45,0.25,Positive
12,224119165,1.69E+18,en,2023-08-21 02:56:42+00:00, @MarciaArndt2 @Donne5Le @DanniJean1640 @successbrian @JOSEPHMCCAUSLA7 @KariLake @KariLakeWarRoom Just because they fought for the right to prescribe it doesn‚Äôt mean it actually works. Doctors have the right to prescribe you amoxicillin too. But that‚Äôs still not going to actually treat COVID. üôÑ,40,because they fought right prescribe doesn't mean actually works doctors have right prescribe amoxicillin too but that's still going actually treat covid,22,,0,0.391785714,0.051785714,Positive
13,8.77E+17,1.69E+18,en,2023-08-21 02:07:23+00:00,@thekrissychula Amoxicillin IV drip is the best outcome from this,10,amoxicillin iv drip best outcome,5,,0,0.3,1,Positive
14,8.77E+17,1.69E+18,en,2023-08-21 02:01:00+00:00,@Phil_Lewis_ Gonna be on a 90 day treatment of Amoxicillin,9,gonna 90 day treatment amoxicillin,5,,0,0,0,Neutral
15,22717621,1.69E+18,en,2023-08-21 01:58:31+00:00,"Medical things Ive learned I am allergic to in the last 2 years:
1) Amoxicillin 
2) The adhesive they put on the little patches they use to do EKGs...?",27,"medical things ive learned allergic last 2 years
amoxicillin 
adhesive put little patches they use ekgs",16,,0,0.188888889,-0.0625,Negative
16,359191827,1.69E+18,en,2023-08-21 01:13:38+00:00,"Me vs amoxicillin 
Meriang üëç",4,me vs amoxicillin ,3,,0,0,0,Neutral
17,2844157329,1.69E+18,en,2023-08-20 23:48:05+00:00,amoxicillin is a god-like antibiotic... been dealing with a double ear infection &amp; sinus infection.,15,amoxicillin god-like antibiotic been dealing double ear infection sinus infection,10,,0,0,0,Neutral
18,113379314,1.69E+18,en,2023-08-20 22:38:35+00:00,"@FirstClassDuck OneMedical.  Was initially diagnosed on Thursday, started taking amoxicillin that afternoon, still wasn‚Äôt feeling any better today.  Luckily they offer Sunday appointments with an NP, which was enough to get me stronger antibiotics.  Hopefully I‚Äôm better tomorrow morning.",39,onemedical initially diagnosed thursday started taking amoxicillin afternoon still was not feeling any better today  luckily offer sunday appointments np enough get stronger antibiotics hopefully i am better tomorrow morning,28,{'place_id': '011add077f4d2da3'},0,0.466666667,0.266666667,Positive
19,1.59E+18,1.69E+18,en,2023-08-20 21:01:59+00:00," @Stubbs_GunGuy I carry iodine, isopropyl, sewing kit, syringe of heroin that I made at home (trained capable chemist with good equipment. I'm not a cook.) with my own poppies, tourniquets, super glue, adrenaline, Propylhexedrine (meth), amoxicillin,",42,carry iodine isopropyl sewing kit syringe heroin made home trained capable chemist good equipment i'm not cook own poppies tourniquets super glue adrenaline propylhexedrine meth amoxicillin,32,,0,0.666666667,0.458333333,Positive
20,1.60E+18,1.69E+18,en,2023-08-20 19:23:55+00:00,I love the taste of pink liquid amoxicillin. It's so tasty. Omg.,12,love taste pink liquid amoxicillin it is so tasty omg,9,,0,0.45,0.2,Positive
21,94802940,1.69E+18,en,2023-08-20 18:43:51+00:00,@anujtiwari11 Cefexime in amoxicillin right? Have taken these in fever prescribed by a doctor in his late 70s. Have got relief from this.,23,cefexime amoxicillin right? have taken fever prescribed doctor late 70s. have got relief,13,,0,0.567857143,-0.007142857,Negative
22,223676365,1.69E+18,en,2023-08-20 17:06:10+00:00,Imagine my surprise finding out that I‚Äôm allergic to Amoxicillin after not needing to take it for 32 years. Now I look like this: https://t.co/z867N7nWQW,25,imagine surprise finding out i am allergic amoxicillin after not needing take 32 years. now  look like,16,,0,0,0,Neutral
23,588400960,1.69E+18,en,2023-08-20 17:01:37+00:00,Coca Cola was originally made from cocaine just like how moxie was originally made from amoxicillin,16,coca cola originally made cocaine like how moxie originally made amoxicillin,11,,0,0.75,0.375,Positive
24,1.69E+18,1.69E+18,en,2023-08-20 16:28:12+00:00,The original purple drank. RIP PEPTO BISMOL aka AMOXICILLIN  #SundayFunday https://t.co/6SBYsU2Fei,11,original purple drank rip pepto bismol aka amoxicillin  #sundayfunday,9,,0,0.75,0.375,Positive
25,738538436,1.69E+18,en,2023-08-20 15:57:19+00:00,"We pull your mom off that desolate corner, get her 28 days clean, pump her clean with amoxicillin, and put her on a Bolt Bus back to you. And this is the thanks we get. https://t.co/M8UcZ95RWt",36,pull mom off desolate corner get 28 days clean pump clean amoxicillin put bolt bus back thanks get,18,,10,0.4,0.233333333,Positive
26,1.56E+18,1.69E+18,en,2023-08-20 15:45:24+00:00, @DrMaureenHanson Very interesting. I was diagnosed with CFS after a severe (anaphylaxis) allergy to amoxicillin. But I seemed to have mostly recovered after 5 years (now 10 years on). I wonder if what I had shares similar outcomes but isn‚Äôt the same. As I got better but lots don‚Äôt with cfs.,51,very interesting diagnosed cfs after severe anaphylaxis allergy amoxicillin but seemed  have mostly recovered after 5 years now 10 years wonder if had shares similar outcomes but is not same as got better but lots do not cfs,36,,0,0.435,0.33,Positive
27,1538161008,1.69E+18,en,2023-08-20 14:40:37+00:00,Amoxicillin antibiotics over the stall at the Brighton Thai festival presumably licensed by Brighton and Hove Council. The U.K. has huge issues with parallel imports or medicines and anti microbial resistance‚Ä¶..,31,amoxicillin antibiotics over stall brighton thai festival presumably licensed brighton hove council u.k. has huge issues parallel imports medicines anti microbial resistance,21,,0,0.45,0.2,Positive
28,1.31E+18,1.69E+18,en,2023-08-20 14:15:06+00:00,@anabology handmade OJ whit hydrolyzed collagen and amoxicillin for kill bacteria.. i do it a lot of days and feels amazing,21,handmade oj hydrolyzed collagen amoxicillin kill bacteria do lot days feels amazing,12,,0,0.9,0.6,Positive
29,1.02E+18,1.69E+18,en,2023-08-20 12:46:06+00:00," @CDCgov @IDSAInfo @StonyBrookMed Thanks for the important post. To cut to the chase: ""ILADS recommends that patients receive 4-6 weeks of doxycycline, amoxicillin or cefuroxime. A minimum of 21  days of azithromycin is also acceptable"" https://t.co/BjNQzaEcHS",36,thanks important post cut chase: ilads recommends patients receive 4-6 weeks doxycycline amoxicillin cefuroxime minimum 21  days azithromycin acceptable,19,,0,0.6,0.3,Positive
30,7.07E+17,1.69E+18,en,2023-08-20 11:51:33+00:00,@bearish0411 they gave u amoxicillin for covid? who's they?,9, gave amoxicillin covid? who is?,4,,0,0,0,Neutral
31,9.76E+17,1.69E+18,en,2023-08-20 11:39:32+00:00,"üíä Yellow would indicate infection. In any case, I've successfully treated both types with Amoxicillin. The rule is 20 mg of Amoxicillin per kg of cat, so 6.5 kg cat gets ~125 mg Amoxicillin, which is half a small pill. A 4.25 kg cat gets ~one third. Cut pill, pour powder in food",36,yellow indicate infection any case i have successfully treated both types amoxicillin rule 20 mg amoxicillin per kg cat so 6.5 kg cat gets 125 mg amoxicillin which half small pill 4.25 kg cat gets one third cut pill pour powder food,25,,0,0.303333333,0.066666667,Positive
32,123187821,1.69E+18,en,2023-08-20 09:57:47+00:00,@rose_anessa Amoxicillin.  It's only available by prescription.  I have a bottle that was prescribed to me several months ago that I didn't use up.  Regular cold medicine won't get rid of a sinus infection.  You need antibiotics.,37,amoxicillin only available prescription have bottle prescribed several months ago didn't use up  regular cold medicine won't get rid sinus infection need antibiotics,23,,0,0.495384615,-0.04,Negative
33,4737913883,1.69E+18,en,2023-08-20 08:52:23+00:00,RT @FrankkoskeiDr: Augmentin is a (POM) antibiotic with active ingredients amoxicillin and clavulanic acid. used in  bacterial infections‚Ä¶,18,augmentin pom antibiotic active ingredients amoxicillin clavulanic acid used  bacterial infections,13,,12,0.6,-0.133333333,Negative
34,1.02E+18,1.69E+18,en,2023-08-20 07:47:53+00:00,craving the amoxicillin i was given at 8 yrs old for strep,12,craving amoxicillin given 8 yrs old strep,7,,0,0.2,0.1,Positive
35,336501163,1.69E+18,en,2023-08-20 07:09:06+00:00,"@helen_barnowl @fesshole Lots of ways to get antibiotics. I always buy a couple of spare courses of Amoxicillin when I travel to India, among other helpful prescription drugs. Hotel bellmen will usually go get them for you.",37,lots ways antibiotics always buy couple spare courses amoxicillin when  travel india among other helpful prescription drugs hotel bellmen usually go get,22,,0,0.3125,-0.1875,Negative
36,169405882,1.69E+18,en,2023-08-20 06:29:06+00:00,"I know you will be happy to know that Dorian Grays (the cat)  meds have arrived, a 6 mth supply.  There is nothing worse than watching a fur baby with seizures. With the addition of Savlon, Hirudoid &amp; Amoxicillin, the slave has managed to keep his hand. The swelling is reducing. https://t.co/u23I2XwcIk",52,know  happy know dorian grays cat meds have arrived 6 mth supply  nothing worse watching  fur baby seizures  addition of savlon hirudoid amoxicillin slave has managed keep hand swelling reducing,30,,0,0.533333333,0.116666667,Positive
37,1.40E+18,1.69E+18,en,2023-08-20 05:26:40+00:00,Amoxicillin,1,amoxicillin,1,,0,0,0,Neutral
38,754292953,1.69E+18,en,2023-08-20 05:26:19+00:00,OMFG idk if this amoxicillin making me feel worse but my god I feel so fucking sick üòì,17,omfg idk amoxicillin making feel worse but god feel so fucking sick,12,,0,0.728571429,-0.557142857,Negative
39,1.48E+18,1.69E+18,en,2023-08-20 04:41:05+00:00,@PatriotNz2022 Amoxicillin does wonders! had it myself in past!,9,amoxicillin does wonders! past!,4,,0,0.25,-0.3125,Negative
40,8.22E+17,1.69E+18,en,2023-08-20 04:05:18+00:00,"üëâ treated with amoxicillin and given ready-to-use therapeutic food on an outpatient basis.  üëâ had a full recovery, with complete resolution of the chest-wall thrombophlebitis by 6 wks",27,treated amoxicillin given ready-to-use therapeutic food outpatient basis had full recovery complete resolutio chest-wall thrombophlebitis  6 wks,18,,0,0.475,0.225,Positive
41,1.51E+18,1.69E+18,en,2023-08-20 03:40:30+00:00,"Tooth infections are brutal. 2 rounds Amoxicillin didn‚Äôt touch it. It invaded my sinuses and I am MISERABLE. 2 root canals, temporary crowns, waiting on permanent and now on 3 different meds. Literally always had perfect teeth and still confused as to how this even happened. ü•¥",46,tooth infections brutal 2 rounds amoxicillin did not touch invaded sinuses miserable 2 root canals temporary crowns waiting permanent 3 different meds literally always had perfect teeth still confused how even happened,31,,0,0.86,-0.255,Negative
42,1.50E+18,1.69E+18,en,2023-08-20 02:47:29+00:00,"Or whatever, here is your amoxicillin druggie",7,whatever here amoxicillin druggie,4,,0,0,0,Neutral
43,106866070,1.69E+18,en,2023-08-20 02:27:35+00:00,Me: *giving my baby Amoxicillin for his ear infection not realizing it would turn him into an insomniac on the 4th night* https://t.co/3gLqgVJr4R,24,giving baby amoxicillin  ear infection not realizing would turn into insomniac 4th night,13,,0,0,0,Neutral
44,1.57E+18,1.69E+18,en,2023-08-20 02:11:36+00:00,jesus thats fucked up bub sorry to hear that i never even heard of this antibiotic I think the biggest I got was amoxicillin F51sometimes I wonder if I should go with non flouride toothpaste when I hear this shit,3,jesus thats fucked up bub sorry hear never even heard  antibiotic  think biggest got amoxicillin sometimes  wonder should go non flouride toothpaste when  hear shit,27,,0,0.833333333,-0.433333333,Negative
45,1.11E+18,1.69E+18,en,2023-08-20 02:07:09+00:00,"Mucinex, amoxicillin, and the Dallas Cowboys. https://t.co/gyoqI5FVeK",7,mucinex amoxicillin dallas cowboys,4,,0,0,0,Neutral
46,782654341,1.69E+18,en,2023-08-20 01:42:30+00:00,@abbieann97 i‚Äôm so sorry oh my god that‚Äôs awful. i hope the amoxicillin works or that they figure out what it is so they can treat it properly üò≠üíû,28,i'm so sorry oh god that's awful hope amoxicillin works figure out so can treat properly,16,,0,0.7,-0.5,Negative
47,631177946,1.69E+18,en,2023-08-20 01:37:35+00:00,"@bumlB_ I have been SO sick and they tested me for covid, strep, and had me do an EKG because they were sure I had covid. I was negative for both and my EKG came back normal. They gave me 500 mg of amoxicillin 3 times a day and it still hasn‚Äôt fully gotten rid of it. I‚Äôm still coughing.",60,have been so sick  tested covid strep had do ekg because sure had covid negative  both ekg came back normal gave 500 mg amoxicillin 3 times day still has not fully gotten rid  i am still coughing,35,,0,0.559206349,-0.072857143,Negative
48,1.59E+18,1.69E+18,en,2023-08-20 00:34:20+00:00,"@PunishDem1776 Covid is being used as a scare tactic! My whole family and many of my friends (ages 8mo.-92 years old). Rocephin shot, amoxicillin, prednisone, albuterol, Mucinex. Can return to work 24 hours of being fever free. Missed 1 day of work,0 hospitalized 0 died!",47,covid being used scare tactic! whole family many friends ages 8mo92 years old rocephin shot amoxicillin prednisone albuterol mucinex can return  work 24 hours being fever free missed 1 day work hospitalized 0 died!,36,,0,0.475,0.325,Positive
49,1.58E+18,1.69E+18,en,2023-08-20 00:29:26+00:00,RT @KDsmom36: I feel like all I do is prescribe penicillin and amoxicillin .. I‚Äôve never seen so much strep in life ..,21,feel like all prescribe penicillin amoxicillin i have never seen so much strep life,13,,1,0.2,0.2,Positive
50,3376638803,1.69E+18,en,2023-08-20 00:13:47+00:00,"@SokeBrooklyn @iFightForKids Those fingers are now compromised
Get your hands on some amoxicillinüòù",13,"fingers now compromised
get hands some amoxicillin",7,,0,0,0,Neutral
51,1.08E+18,1.69E+18,en,2023-08-20 00:07:10+00:00,@bearish0411 you trolling or really think amoxicillin (antibiotic) is going to get rid of covid?,15,trolling really think amoxicillin antibiotic going get rid covid?,9,,0,0.2,0.2,Positive
52,1.20E+18,1.69E+18,en,2023-08-19 23:33:36+00:00,"@AwkwardinCanada Amoxicillin, yes!!!",3,amoxicillin yes!!!,2,,0,0,0,Neutral
53,4661050001,1.69E+18,en,2023-08-19 22:46:05+00:00,"@EvieFreddie What type of antibiotic?  If amoxicillin, cats will usually eat the crushed pill in food (not the flavoured liquid.)",20,type antibiotic?  amoxicillin cats usually eat crushed pill food not flavoured liquid,13,,0,0.175,-0.175,Negative
54,1.69E+18,1.69E+18,en,2023-08-19 22:45:56+00:00,@Betrange_ Try amoxicillin,3,try amoxicillin,2,,0,0,0,Neutral
55,1.11E+18,1.69E+18,en,2023-08-19 22:37:56+00:00,@US_FDA @FDA_Drug_Info how in the world are we on a shortage of amoxicillin?,13,how world shortage amoxicillin?,4,,0,0,0,Neutral
56,43072763,1.69E+18,en,2023-08-19 22:05:53+00:00,@BigLarryBabyArm üëè OH and the bubble gum Amoxicillin was fantastic too!!! https://t.co/QZrDhHVKms,11,bubble gum amoxicillin fantastic too!!!,5,,0,0.9,0.78125,Positive
57,9.05E+17,1.69E+18,en,2023-08-19 21:44:54+00:00,@DollfaceDangr Amoxicillin is one thing I'm allergic to.,8,amoxicillin one thing i am allergic,5,,0,0,0,Neutral
58,1.57E+18,1.69E+18,en,2023-08-19 20:35:59+00:00,Ambien dreams vs Amoxicillin dreams,5,ambien dreams vs amoxicillin dreams,5,,0,0,0,Neutral
59,1.42E+18,1.69E+18,en,2023-08-19 20:28:59+00:00,Today my ear hurts and I regained some of my taste back but still hard to fully smell anything and taste was non existent yesterday. Just starting on amoxicillin for an ear infection‚Ä¶ idk if I have COVID or not and now I‚Äôm stressed üò≠,44,today ear hurts regained some taste back but still hard fully smell anything taste non existent yesterday just starting amoxicillin ear infection idk have covid not now i am stressed≠,29,h,0,0.213888889,-0.097222222,Negative
60,7.64E+17,1.69E+18,en,2023-08-19 18:27:16+00:00,@HistoryInPics Amoxicillin,2,amoxicillin,1,,0,0,0,Neutral
61,9.65E+17,1.69E+18,en,2023-08-19 17:18:01+00:00,"@nickmangwana Why building more clinics when u can not equip the available once with the basic medication such as paracetamol,amoxicillin and Diclofenac.Pure https://t.co/PJHxnus6m8 CCC",25,why building more clinics can not equip available once basic medication such as paracetamol amoxicillin diclofenac,17,,0,0.38125,0.225,Positive
62,1.41E+18,1.69E+18,en,2023-08-19 15:56:10+00:00,Third round of amoxicillin like medicine adding a steroid to the mix too‚Ä¶ if little man doesn‚Äôt kick this ear infection the next step is a shot and going to the otolaryngologist.,30,third round amoxicillin like medicine adding steroid mix too little man does not kick ear infection next step shot going otolaryngologist,19,,0,0.225,-0.096875,Negative
63,1.11E+18,1.69E+18,en,2023-08-19 15:44:45+00:00,Healthcare in the US means getting a loose baggy of amoxicillin from a friend üò≠,14,healthcare us means getting loose baggy amoxicillin friend,8,,0,0.269230769,-0.076923077,Negative
64,104860861,1.69E+18,en,2023-08-19 15:15:28+00:00,When did kids amoxicillin stop being pink?!,7,when did kids amoxicillin stop being pink?!,7,,0,0.3,-0.125,Negative
65,1.69E+18,1.69E+18,en,2023-08-19 14:09:02+00:00,same as steroids amoxicillin same to them yo are using it to recover from being raped even if your doing it while playing the game you have the strength inside you not matter what,34,same as steroids amoxicillin same them yo using recover being raped even your doing while playing game have strength inside not matter,24,,0,0.216666667,-0.133333333,Negative
66,1.38E+18,1.69E+18,en,2023-08-19 13:22:48+00:00,@itsMJ_Ke Ama Amoxicillin will do you good.,7,amoxicillin do good,3,,0,0.6,0.7,Positive
67,1.68E+18,1.69E+18,en,2023-08-19 12:02:35+00:00,Decided to take out my prescription for amoxicillin for this infection .. fk I‚Äôve never been this sick before,17,decided take out prescription amoxicillin infection i've never been sick before,12,,0,0.857142857,-0.714285714,Negative
69,37489774,1.69E+18,en,2023-08-19 11:01:45+00:00, Right gotcha üòâ Amoxicillin‚Ä¶ thought i was going mad ü§£üò© xx,8, right gotcha amoxicillin thought going mad ,6,,0,0.767857143,-0.169642857,Negative
70,37489774,1.69E+18,en,2023-08-19 10:48:04+00:00,On Amoxicillin a civilised antibiotic‚Ä¶ better work ü§£,,amoxicillin civilised antibiotic better work,5,,0,0.5,0.5,Positive
71,1.17E+18,1.69E+18,en,2023-08-19 09:37:23+00:00,i knew i shouldn‚Äôt of got this mf amoxicillin. been having nightmares all night long,15,knew should not got mf amoxicillin been having nightmares all night long,11,,0,0.4,-0.05,Negative
72,2366001221,1.69E+18,en,2023-08-19 09:24:51+00:00,"Subliminal thoughts, when I'ma stop sendin' 'em? Women are caught in webs, spin 'em and hock venom Adrenaline shots of penicillin could not get the illin' to stop Amoxicillin's just not real enough...",33,subliminal thoughts when i'ma stop sendin em? women caught webs spin em hock venom adrenaline shots penicillin could not get illin stop amoxicillins just not real enough,27,,0,0.333333333,0,Neutral
73,2366001221,1.69E+18,en,2023-08-19 09:19:11+00:00,RT @KingBossNJ85: Amoxicillin's just not real enough The criminal cop-killing hip hop villain A minimal swap to cop millions of Pac listene‚Ä¶,22,amoxicillins just not real enough criminal cop-killing hip hop villain minimal swap cop millions pac listen,16,,1,0.494444444,-0.166666667,Negative
75,296499234,1.69E+18,en,2023-08-19 04:29:14+00:00,@LadyDumplings Ya right? Like amoxicillin or something.,7,ya right? like amoxicillin something,5,,0,0.535714286,0.285714286,Positive
76,300204824,1.69E+18,en,2023-08-19 04:00:36+00:00,Hi @OrthoCarolina  On Monday I Had 5 Teeth Pulled and went to another Dentist and Dr said I have infection from tooth pulled ! The dentist pull my teeth put me on Amoxicillin! Can you let Dr Howe know! The dentist knew I Had @Madonna  Hip Surgery Like Her Went To New Dentist‚Ä¶ https://t.co/xcB1zQG6cK https://t.co/ywcC71a5IL,48,hi monday  had 5 teeth pulled went another dentist dr said have infection tooth pulled ! dentist pull teeth put  amoxicillin! can let dr howe know! dentist knew had  hip surgery like went new dentist ,28,,0,0.454545455,0.136363636,Positive
77,2393317958,1.69E+18,en,2023-08-19 03:46:20+00:00,@A_Elove @quality_nguyen Hahaha. I had strep throat a few months ago and had to take penicillin instead of the standard amoxicillin because the pharmacy couldn‚Äôt get amox due to supply issues.,31,hahaha had strep throat few months ago had take penicillin instead standard amoxicillin because pharmacy could not get amox due supply issues,22,,0,0.21875,-0.03125,Negative
78,2283789074,1.69E+18,en,2023-08-19 02:44:09+00:00,He did this to me before a show I went in a tiger cage with tigers. I never smoke or do anything like that. Totally fucked me up thinking I was taking two full capsules of amoxicillin. https://t.co/wSOwEjCqjJ,38,did before show went tiger cage tigers never smoke do anything like totally fucked up thinking taking two full capsules amoxicillin,22,,1,0.625,-0.125,Negative
79,1333192244,1.69E+18,en,2023-08-19 01:52:56+00:00,RT @XAOSM0DE_mp3: 875 milligrams of amoxicillin is an appetizer 4 me,11,875 milligrams amoxicillin appetizer,4,,1,0,0,Neutral
80,15043619,1.69E+18,en,2023-08-19 01:12:54+00:00,"@HypJuxII @FordPre08385980 @christyfraser @trishgreenhalgh But we don't selective reject one big pharma developed medical intervention for political ideological reasons and then get away with pretending big pharma is corrupt and therefore Panadol and aspirin and amoxicillin and everything else is therefore poison.

Chucklehead.",45,but do not selective reject one big pharma developed medical intervention political ideological reasons get away pretending big pharma corrupt therefore panadol aspirin amoxicillin everything else therefore poison chucklehead,30,,0,0.266666667,-0.066666667,Negative
81,1.62E+18,1.69E+18,en,2023-08-19 00:55:20+00:00,You know I‚Äôm pulling up to the function if they got amoxicillin,12,know i'm pulling up function got amoxicillin,7,,0,0,0,Neutral
82,1.22E+18,1.69E+18,en,2023-08-19 00:41:11+00:00,"The answer is A, amoxicillin. Strep throat‚Äìshort for Streptococcal infection in the throat‚Äìis normally susceptible to the penicillin family of antibiotics. SMZ-TMP and quinolones are not empirical first choices. Terbinafine is an antifungal. https://t.co/lgOYWcjmZn",36,answer a amoxicillin strep throat short streptococcal infection throat normally susceptible penicillin family antibiotics smz-tmp quinolones not empirical first choices terbinafine antifungal,21,,0,0.361111111,0.116666667,Positive
83,1.22E+18,1.69E+18,en,2023-08-19 00:41:10+00:00,Which of these drugs is first line empiric treatment for Strep throat? A. Amoxicillin B. Ciprofloxacin C. SMZ-TMP D. Terbinafine The answer is in the thread https://t.co/UalMwwImpQ,23,which drugs first line empiric treatment strep throat? amoxicillin ciprofloxacin smz-tmp terbinafine answer thread,14,,0,0.333333333,0.25,Positive
84,1.67E+18,1.69E+18,en,2023-08-19 00:21:47+00:00,RT @PATRIOTINTRUTH1: üí• Using Oregano Oil Vs. Amoxicillin To Fight Bacterial Infectionsüí• https://t.co/uwvQQ4CWHA,12,using oregano oil vs amoxicillin fight bacterial infections,,,1,0,0,Neutral
85,1.21E+18,1.69E+18,en,2023-08-18 23:04:45+00:00,"Buying Flagyl(metronidazole), amoxicillin and other antibiotics for every little ""disease"" we diagnose ourselves with at home, is taking us to the olden days where common infections could kill masses https://t.co/OBt4fDzLqG",31,buying flagyl metronidazole amoxicillin other antibiotics every little disease diagnose ourselves home taking us olden days common infections could kill masses,22,,11,0.458333333,-0.204166667,Negative
86,1.41E+18,1.69E+18,en,2023-08-18 23:02:28+00:00,@kb0oty A little bit of amoxicillin goes a long way,10,little bit amoxicillin goes long way,6,,0,0.45,-0.11875,Negative
87,22866902,1.69E+18,en,2023-08-18 22:57:42+00:00,"Sore throat Runny nose Blocked nose Sneezing Coughing (with and without phlegm) Headaches Muscle aches Hoarse voice Ok guys what do you think? You think they may let Doctors help with Ivermectin Or go the penicillin, amoxicillin route",38,sore throat runny nose blocked nose sneezing coughing phlegm headaches muscle aches hoarse voice guys what do think? think may let doctors help ivermectin go penicillin amoxicillin route,28,,0,0.5,0.5,Positive
88,8.26E+17,1.69E+18,en,2023-08-18 22:57:31+00:00,Amoxicillin kicked in and the degenerate in me waking up üòà,10,amoxicillin kicked degenerate waking up,5,,0,0,0,Neutral
89,1.21E+18,1.69E+18,en,2023-08-18 22:20:30+00:00,@Kokainaaaa Scarlett fever/strep throatüôÑüôÑüôÑüòìbut pediatrician said give it 24hrs on amoxicillin he‚Äôll be Gucci,16,scarlett fever strep throat but pediatrician said give 24hrs amoxicillin he will gucci,12,,0,0,0,Neutral
90,229795142,1.69E+18,en,2023-08-18 21:34:40+00:00,"@markowenmartin The UK guidance is here:
https://t.co/C2bQUkUKmn
Looks like Amoxicillin is first choice. I know sensitivity to cipro is good but fluoroquinolones really out of favour here",27,uk guidance here looks like amoxicillin first choice know sensitivity cipro good but fluoroquinolones really out favour here,18,,0,0.377777778,0.383333333,Positive
91,19201348,1.69E+18,en,2023-08-18 21:07:54+00:00,@ZachWolchuk tex med? give me amoxicillin churros,7,give amoxicillin churros,3,,0,0,0,Neutral
92,1.44E+18,1.69E+18,en,2023-08-18 20:20:56+00:00, @MdBreathe @US_FDA You don‚Äôt buy human form of Ivermectin at feed stores just like you don‚Äôt buy human form of amoxicillin or Methylprednisolone at feed stores.  I did buy amoxicillin and prednisolone for my dog at CVS when it was prescribed. Are you all going to say those drugs are dog medicine??,52,do not buy human form ivermectin feed stores just like don't buy human form amoxicillin methylprednisolone feed stores did buy amoxicillin prednisolone dog cvs prescribed going say those drugs dog medicine??,30,,0,0.1,0,Neutral
93,1.54E+18,1.69E+18,en,2023-08-18 19:42:24+00:00,"RT @drruwende: Amoxicillin is not a painkiller. That also means you don't take it whenever you feel like. When prescribed, take as instruc‚Ä¶",23,amoxicillin not painkiller also means do not take whenever feel like prescribed take as instruc,14,,106,0,0,Neutral
94,1.59E+18,1.69E+18,en,2023-08-18 19:29:53+00:00,@realchasegeiser I will never comply again! My daughter just had Covid last week.  5 days of prednisone and amoxicillin and boom sue is back at Jujitsu!,26,will never comply again! daughter had covid last week 5 days prednisone amoxicillin boom sue back jujitsu!,17,,0,0.033333333,0,Neutral
95,27310809,1.69E+18,en,2023-08-18 19:29:28+00:00,"This CVS worker didn‚Äôt know how to fill my Amoxicillin prescription‚Ä¶ &amp; now is helping EVERYONE ELSE but me. Yes, I‚Äôm the only one in this store. üòê",26,cvs worker did not know how fill amoxicillin prescription now helping everyone else but yes i am only one store,18,,0,1,0,Neutral
96,2957520633,1.69E+18,en,2023-08-18 19:29:08+00:00,"@MdBreathe @kroger Even if this is a tactic they used to not fill this, are you completely unaware of the current back order crisis for medications ?

Like really.
I haven't been able to get amoxicillin suspension consistently for at least 6 months now",43,"even tactic they used not fill completely unaware current back order crisis medications ?

like really haven't been able get amoxicillin suspension consistently least 6 months now",26,,0,0.339285714,0.092857143,Positive
97,8.03E+17,1.69E+18,en,2023-08-18 19:27:02+00:00,"Most of us build our survival supplies, BOB‚Äôs, go bags, INCH bags or basement of SHTF necessities in separately constructed kits/categories 2 things I add to EVERY kit medical to shelter to cooking üî•Bic üíäa 1.5‚Äù baggie w/ Rx pain meds Zofran Benadryl Immodium amoxicillin",43,most us build survival supplies go bags inch bags basement shtf necessities separately constructed kits categories 2 things  add every kit medical shelter cooking  1.5 baggie pain meds zofran benadryl immodium amoxicillin,32,,1,0.25,0.25,Positive
98,34947826,1.69E+18,en,2023-08-18 19:21:38+00:00,@DxRxEdu @drpiyushkr I like either penicillin or amoxicillin.   If she gets sicker either clindamycin or add metronidazole,17,like either penicillin amoxicillin gets sicker either clindamycin add metronidazole,10,,0,0,0,Neutral
99,8.69E+17,1.69E+18,en,2023-08-18 19:19:14+00:00,That advil i took for my abscess tooth worked better than the amoxicillin that my dentist prescribed me. I just had to go buy another bottle of advil,26,advil took abscess tooth worked better amoxicillin dentist prescribed just had go buy another bottle advil,16,,0,0.5,0.5,Positive
100,164234671,1.69E+18,en,2023-08-18 19:00:03+00:00,"@giftmeku2022 @Radvan_Vedasto @AmekuShambani Mycoplasmosis, tilmicosin or combination  of Amoxicillin and colistin sulphate would respond well.",15,mycoplasmosis tilmicosin combination amoxicillin colistin sulphate respond well,8,,0,0,0,Neutral
101,1.33E+18,1.69E+18,en,2023-08-18 18:55:20+00:00,"Amoxicillin, omega 3, vitamin c, b12 and zinc down the hatch https://t.co/LtTCo5Z8mg",12,amoxicillin omega 3 vitamin c b12 zinc down hatch,9,,1,0.288888889,-0.155555556,Negative
102,4209304101,1.69E+18,en,2023-08-18 18:49:15+00:00,@Tammy48188420 It's okay just gonna ask around and see if anyone got amoxicillin to help with it.... since they want to charge an outrageous price for a visit üòû,28,it is okay gonna ask around see anyone got amoxicillin help since want charge outrageous price visit,16,,0,0.75,-0.25,Negative
103,1.39E+18,1.69E+18,en,2023-08-18 18:13:23+00:00,"@dakotah37 I got into urgent care. Doc gave me a 2 second look and said ""wow yeah that's really infected"". I got Amoxicillin-Clav the size of horse pills twice a day. 875-125mg. I got answers but wow these are big pills.",41,got into urgent care doc gave 2 second look said wow yeah that's really infected got amoxicillin-clav size horse pills twice day 875-125mg got answers but wow big pills,29,,0,0.46,0.08,Positive
104,1035904362,1.69E+18,en,2023-08-18 16:59:05+00:00,@EricSpracklen Don't forget the amoxicillin.,5,do not forget amoxicillin.,3,,0,0,0,Neutral
105,1.41E+18,1.69E+18,en,2023-08-18 16:52:03+00:00,@Catshealdeprsn amoxicillin,2,amoxicillin,1,,0,0,0,Neutral
106,1.11E+18,1.69E+18,en,2023-08-18 16:35:33+00:00,@JCooper459 @BrewBusBrett Yup no amoxicillin for me either.,8,yup no amoxicillin either,4,,0,0,0,Neutral
107,1.15E+18,1.69E+18,en,2023-08-18 15:51:54+00:00,6 basic medicine that you should have in your households: *Paracetamol *Mefenamic *Carbocisteine *Neozep *Amoxicillin *symdex Sigeg vitamins nya dugay matulog pag puyo radaw.,24,6 basic medicine should have  households paracetamol mefenamic carbocisteine neozep amoxicillin symdex sigeg vitamins nya dugay matulog pag puyo radaw,20,,0,0.125,0,Neutral
108,1.36E+18,1.69E+18,en,2023-08-18 14:43:51+00:00,@historyinmemes Amoxicillin,2,amoxicillin,1,,0,0,0,Neutral
109,7.37E+17,1.69E+18,en,2023-08-18 14:28:46+00:00,"@FluffyNutz17 Oh, also it's similar to amoxicillin, which is more commonly prescribed.",12,also it is similar amoxicillin more commonly prescribed,7,,0,0.466666667,0.066666667,Positive
110,1.29E+18,1.69E+18,en,2023-08-18 14:16:21+00:00,@AstorAaron Learned just this week. My six year old grandson is allergic to penicillin. Only the third time in his life he was on amoxicillin. At least now we know. It was pretty scary.,34,learned this week six year old grandson allergic penicillin only third time life amoxicillin now know pretty scary,47,,0,0.6,-0.075,Negative
111,1.03E+18,1.69E+18,en,2023-08-18 13:05:01+00:00,"I start my day with the breakfast of champions, Peach Monster and Amoxicillin. LETS GET THIS MF BREAD",18,start day breakfast champions peach monster amoxicillin lets get mf bread,11,,0,0,0,Neutral
112,8.38E+17,1.69E+18,en,2023-08-18 12:53:11+00:00,"[RESEARCH DIGEST] 
Lately, #antibiotics had been thought to promote fungal growth. However, a new study suggests that #amoxicillin/#clavulanic acid reduces the gut #mycobiota‚Äôs fungal load. Leading to:
üëâEnterobacteriaceae species‚ÜóÔ∏è
üëâ#GutMicrobiota #dysbiosis: #bacteria, #fungi",34,"[research digest] 
lately, #antibiotics had been thought promote fungal growth however new study suggests #amoxicillin #clavulanic acid reduces gut #mycobiota's fungal load leading enterobacteriaceae species #gutmicrobiota #dysbiosis: #bacteria, #fungi",29,,30,0.527272727,-0.081818182,Negative
113,1.67E+18,1.69E+18,en,2023-08-18 12:23:21+00:00,@callumbilott I‚Äôm allergic to this and amoxicillin,7,i am allergic amoxicillin,3,,0,0,0,Neutral
114,97366555,1.69E+18,en,2023-08-18 12:18:58+00:00,@lkorac10 I‚Äôve been struggling. Doctor always wants to put me on amoxicillin. Doesn‚Äôt do crap. So the second round I called and begged for a zpak. Didn‚Äôt do much either. Guess I‚Äôll need to go to an ent.,38,i have been struggling doctor always wants put amoxicillin does not do crap second round  called begged zpak did not do much either guess i will need ent,24,,0,0.3,-0.12,Negative
115,7.23E+17,1.69E+18,en,2023-08-18 11:41:34+00:00,both the painkillers and the amoxicillin have drowsiness and nausea as prevailing side effects do not recommend getting your wisdom teeth pulled folks,23,both painkillers amoxicillin have drowsiness nausea prevailing side effects not recommend getting wisdom teeth pulled folks,16,,0,0,0,Neutral
116,386097451,1.69E+18,en,2023-08-18 11:13:27+00:00,Lowkey amoxicillin too https://t.co/ZElOxfm7Eg,4,lowkey amoxicillin too,3,,0,0,0,Neutral
117,2512990080,1.69E+18,en,2023-08-18 11:00:15+00:00,"UPDATE: A 5-year-old boy is brought to the ED with a rash. Saw his GP four days ago with a fever, sore throat and chesty cough; he was prescribed amoxicillin, but it has developed into a raised, non-itchy rash to both his arms and legs
Read our #SAQ here: https://t.co/lNulGnaHaO https://t.co/6LMAZzNIkW",49,"update  boy brought  ed  rash saw gp four days ago fever sore throat chesty cough prescribed amoxicillin but has developed into raised non-itchy rash both arms legs
read #saq here",30,,4,0.3,0.1,Positive
118,1.16E+18,1.69E+18,en,2023-08-18 10:11:57+00:00,@historyinmemes Amoxicillin,2,amoxicillin,1,,0,0,0,Neutral
119,1.38E+18,1.69E+18,en,2023-08-18 09:24:10+00:00,"@DrNavhya @TeslaFanDan @historyinmemes üíØ 
Estimates say roughly over 200 million lives saved, then you have how it‚Äôs been developed into antibiotics like Amoxicillin, a game changer for anyone who suffered with ear infections from a young age",36,estimates say roughly over 200 million lives saved have how it is been developed into antibiotics like amoxicillin game changer anyone suffered ear infections young age,26,,0,0.375,-0.075,Negative
120,1.25E+18,1.69E+18,en,2023-08-18 09:10:07+00:00,@libsoftiktok Pharmacies gave us Amoxicillin #DAMN,6,pharmacies gave amoxicillin #damn,4,,0,0,0,Neutral
121,3555244155,1.69E+18,en,2023-08-18 07:19:44+00:00,"@ObembeOlakunle1 I get you bro.
What I was saying is, what happened to acetanilide and acetaminophen isn't stylishly related to Amoxicillin &amp; penicillin. Penicillin is very much available as well as Amoxicillin. Acetanilide is no longer available due to it's toxicity. Get your point, ...",43," get bro
saying happened acetanilide acetaminophen isn't stylishly related amoxicillin penicillin penicillin very much available  amoxicillin acetanilide no longer available due it's toxicity get point",25,,0,0.39375,0.16875,Positive
122,1.33E+18,1.69E+18,en,2023-08-18 07:16:59+00:00,@Adeshola124 Focus more on penicillin and amoxicillin. Amoxicillin is a derivative of penicillin due to the fact that most gram-negative and positive bacteria has become resistant to penicillin.,28,focus more penicillin amoxicillin amoxicillin derivative penicillin due fact most gram-negative positive bacteria has become resistant penicillin,17,,0,0.480113636,0.275568182,Positive
123,1.33E+18,1.69E+18,en,2023-08-18 07:13:41+00:00,"@Adeshola124 You don dey overthink this meme sha. 
I am not saying not comparing amoxicillin with acetanilide. If I have a way I could remove acetanilide and acetaminophen and replace with penicillin and amoxicillin, I think it would make more sense of what I portray the meme to be",49,"overthink meme 
not saying not comparing amoxicillin acetanilide have  way  could remove acetanilide acetaminophen replace penicillin amoxicillin think would make more sense  portray meme",24,,0,0.5,0.5,Positive
124,1.33E+18,1.69E+18,en,2023-08-18 06:45:14+00:00,"Penicillin: You are just a cheap fvcking knockoff.
Amoxicillin: Oh no no no, I'm the upgrade. https://t.co/vsCHfGrRuc",17,"penicillin just cheap fvcking knockoff
amoxicillin no no no i'm upgrade",11,,0,0.7,0.4,Positive
125,1.50E+18,1.69E+18,en,2023-08-18 06:14:01+00:00,"#Researchpaper: Amoxicillin Degradation and Antimutagenic Potential of Phytofabricated Silver Nanoparticles-Doped Polyurethane Membrane for Wastewater Treatment
#Nanoparticle; #watertreatment; 
Read it here:",20,"#researchpaper amoxicillin degradation antimutagenic potential phytofabricated silver nanoparticles-doped polyurethane membrane wastewater treatment
#nanoparticle #watertreatment; 
read here",16,,0,1,0,Neutral
126,53138880,1.69E+18,en,2023-08-18 04:37:00+00:00,This is the equivalent of giving an Amoxicillin to the patient no matter what the ailment https://t.co/2LPnOFTqSM,16,equivalent giving amoxicillin patient no matter  ailment ,6,,6,0,0,Neutral
127,1.65E+18,1.69E+18,en,2023-08-18 03:01:10+00:00,@CHAS_health i am a new resident to the Spokane area. Fighting cancer (Remission since 2021). I have a extremely bad infected tooth that a dentist in Lakewood put me on amoxicillin for. I am desperate and low income. Please help.,40,new resident spokane area fighting cancer remission since 2021 have extremely bad infected tooth dentist lakewood put amoxicillin desperate low income please help,23,,0,0.60530303,-0.290909091,Negative
128,1.65E+18,1.69E+18,en,2023-08-18 02:26:37+00:00,"@Cernovich I am in serious need of a dentist in the Spokane, WA area. I'm low income. Battling cancer. I have a really infected tooth that needs root canal. Please help. Currently on amoxicillin from previous referred dentist. Can you help me signal boost this message and maybe get this‚Ä¶ https://t.co/ZgFziemSlX",51,serious need dentist spokane wa area low income battling cancer have  really infected tooth needs root canal please help currently amoxicillin  previous referred dentist  help  signal boost message maybe get,30,,0,0.346666667,-0.06,Negative
129,2269461169,1.69E+18,en,2023-08-18 02:16:32+00:00,not my child thinking amoxicillin tastes GOOD ü•¥ü•¥ü•¥ü•¥,7,not child thinking amoxicillin tastes good,6,,0,0.6,0.7,Positive
130,1.59E+18,1.69E+18,en,2023-08-18 02:10:54+00:00,"@Censored4sure Both kids 2 weeks apart n sickness. Tonsils swollen w puss sinus pressure, ear infections, yellow green mucus (sinus infection/strep) &amp; fever. Dr says it‚Äôs probably Covid or flu. At the 2nd visit I said I‚Äôm not doing this. Explained above. Finally gave amoxicillin. Clrd in 2 days https://t.co/grhF3s8ZWR",50,both kids 2 weeks apart sickness tonsils swollen puss sinus pressure ear infections yellow green mucus sinus infection strep fever dr says it is probably covid flu 2nd visit said i am not doing explained above finally gave amoxicillin 2 days,39,,0,0.28,-0.04,Negative
131,1333192244,1.69E+18,en,2023-08-18 02:09:24+00:00,875 milligrams of amoxicillin is an appetizer 4 me,9,875 milligrams amoxicillin appetizer,4,,1,0,0,Neutral
132,536591858,1.69E+18,en,2023-08-18 01:50:53+00:00,ceo trayle - amoxicillin,3,amoxicillin,1,,0,0,0,Neutral
133,1.60E+18,1.69E+18,en,2023-08-17 22:28:36+00:00,Twitter would not upload this data from the site. Mobile County flu right now. Everyone in my house is sick. Amoxicillin is on back order. Strep Tests take several days for results. The kid can‚Äôt go back to school until the test results come back.,47,twitter not upload data site mobile county flu right now everyone house sick amoxicillin back order strep tests take several days results kid can not go back school until test results come back,32,,0,0.232142857,-0.071428571,Negative
134,334667804,1.69E+18,en,2023-08-17 22:13:46+00:00,"@GarethBarlow Got Lymes in 2014. Luckily (kind of) my gp had also had it so took it seriously. Was like the worst flu ever, mid summer yet I was wearing a winter coat indoors to stop shivers. Every bone ached. 3 weeks of right antibiotic. Not amoxicillin!!! That won‚Äôt even touch it.",52,got lymes 2014 luckily kind gp had also had so took seriously like worst flu ever mid summer yet wearing winter coat indoors stop shivers every bone ached 3 weeks right antibiotic not amoxicillin!!! would not even touch,37,,0,0.62047619,-0.035059524,Negative
135,7.06E+17,1.69E+18,en,2023-08-17 21:48:53+00:00,‚ÄúTake 1 capsule of amoxicillin every 12 hours‚Äù is it what it says https://t.co/mr2yhpJiXp,16,take 1 capsule amoxicillin every 12 hours says ,10,,0,0,0,Neutral
136,4895209536,1.69E+18,en,2023-08-17 21:20:01+00:00,RT @fumikochino: Concurrent covid+strep throat wasn‚Äôt on my bingo card but after starting Paxlovid+Amoxicillin I‚Äôve finally starting to tur‚Ä¶,18,concurrent covid+strep throat was not  bingo card but after starting paxlovid amoxicillin i have finally starting ,13,,2,0.1,0,Neutral
137,16326019,1.69E+18,en,2023-08-17 20:53:40+00:00,@wrx_dawg Wait til you have to take an Amoxicillin or Mucinex. Them fuckers are someone else.,16,wait til have take amoxicillin mucinex fuckers someone else,9,,0,0,0,Neutral
138,469496733,1.69E+18,en,2023-08-17 20:04:01+00:00,"@MahkBehr I'd volunteer, but *gestures weakly in amoxicillin*",8,i'd volunteer but gestures weakly amoxicillin,6,,0,0.625,-0.375,Negative
139,1.33E+18,1.69E+18,en,2023-08-17 19:54:45+00:00,@Rational_Kenyan Shouldn‚Äôt it be Esomeprazole+Amoxicillin+Clarithromycin OR Metronidazole?,9,shouldn't esomeprazole amoxicillin clarithromycin metronidazole?,5,,0,0,0,Neutral
140,445118346,1.69E+18,en,2023-08-17 19:16:58+00:00,"RT @GoodRx: Amoxicillin is a penicillin antibiotic that‚Äôs commonly prescribed for bacterial infections. Before taking it, make sure it won'‚Ä¶",20,amoxicillin  penicillin antibiotic that is commonly prescribed bacterial infections before taking  make sure would not,13,,1,0.694444444,0.1,Positive
141,150017487,1.69E+18,en,2023-08-17 19:03:29+00:00, Girl it‚Äôs so sad when they be tryna make dentist appointments they be asking the child they birthday and then one time this man forgot his child was allergic to amoxicillin smh lol,33, girl it is so sad tryna make dentist appointment asking child birthday one time man forgot child allergic amoxicillin smh lol,20,,0,0.85,0.15,Positive
142,1.56E+18,1.69E+18,en,2023-08-17 18:45:56+00:00,"@rarentz19 @DrJudyAMikovits 1)  ask physician to add (antibiotics)
Dimoxyline or Amoxicillin. üíä

2)Boost Your Immune System‚öïÔ∏è

https://t.co/bZXLzqkB0Q",15,"ask physician add antibiotics
dimoxyline amoxicillin. ˇíö

boost immune system",9,,0,0,0,Neutral
143,1.59E+18,1.69E+18,en,2023-08-17 18:44:46+00:00,RT @macosttamichuy: Amoxicillin Dose and Treatment Duration in Children With Community-Acquired Pneumonia https://t.co/rSl8ZBFldH a trav√©s‚Ä¶,14,amoxicillin dose treatment duration children community acquired pneumonia,8,,1,0,0,Neutral
144,25108214,1.69E+18,en,2023-08-17 18:18:51+00:00,"@MrAndresito2 Yeah, it certainly wasn't going to get better, and whatever was in it was very resistant to whatever methods we have incl amoxicillin for 2 weeks, and direct antibiotic pack in the tooth for 3 weeks

so basically yeah. Mad.

Your support has been tremendous, thank you kindly.",49,yeah certainly was not going get better whatever very resistant whatever methods have incl amoxicillin 2 weeks direct antibiotic pack tooth 3 weeks basically yeah mad support has been tremendous thank you kindly,32,,0,0.667346939,0.188945578,Positive
145,356495526,1.69E+18,en,2023-08-17 18:00:00+00:00,"Amoxicillin is a penicillin antibiotic that‚Äôs commonly prescribed for bacterial infections. Before taking it, make sure it won't negatively react with a medication you're already on. https://t.co/YsV0Vi2qPl",27,amoxicillin penicillin antibiotic that is commonly prescribed bacterial infections before taking  make sure would not negatively react medication you are already,18,,1,0.596296296,-0.033333333,Negative
146,1.08E+18,1.69E+18,en,2023-08-17 17:28:14+00:00,@isaaxoo Hey I‚Äôm way late but I hope you remember to take your amoxicillin üï∫üèø,14,i am way late but hope remember take amoxicillin,8,,0,0.6,-0.3,Negative
147,1.28E+18,1.69E+18,en,2023-08-17 17:07:42+00:00,@OchielEvance @smuchukis @amerix Tonsillitis does not ‚Äúcure itself‚Äù and will keep on recurring.Keep in my mind it also does not respond to strong antibiotics such as Amoxicillin and even https://t.co/IrGeXqpbY0 is the best option and I‚Äôm hoping all goes well for your daughter,44,tonsillitis does not secure keep recurring keep  mind  also does not respond strong antibiotics such as amoxicillin even best option i am hoping all goes well daughter,26,,0,0.511111111,0.477777778,Positive
148,1.56E+18,1.69E+18,en,2023-08-17 16:59:19+00:00,@ironmouse (I Googled: amoxicillin),4,googled amoxicillin,2,,0,0,0,Neutral
149,1.31E+18,1.69E+18,en,2023-08-17 16:35:40+00:00,@M4METCHI I'm on the last day of amoxicillin and my infection hasn't gone away ;w; I fear I'm gonna have to go in for another appointment _(:3,25,i am last day amoxicillin infection has not gone away fear i am gonna have go another appointment,15,,0,0.533333333,0.25,Positive
150,1191658015,1.69E+18,en,2023-08-17 16:28:44+00:00,got prescribed amoxicillin and now i can‚Äôt get my tattoos next week my life SUCKS,15,got prescribed amoxicillin now can not get tattoos next week life sucks,11,,0,0.15,-0.15,Negative
151,1.68E+18,1.69E+18,en,2023-08-17 16:25:22+00:00,@DrJudyAMikovits typo: it was amoxicillin,5,amoxicillin,1,,0,0,0,Neutral
152,19410955,1.69E+18,en,2023-08-17 14:32:59+00:00,Concurrent covid+strep throat wasn‚Äôt on my bingo card but after starting Paxlovid+Amoxicillin I‚Äôve finally starting to turn the corner. My mission is to actually recover and don‚Äôt try to (as my friend said) ‚Äústart back up to full Fumiko just yet‚Äù. #Wellness means getting well. https://t.co/sVcMD0tCOF,49,concurrent covid strep throat was not bingo card but after starting paxlovid amoxicillin i have finally starting turn corner mission actually recover do not try as friend said start back up full fumiko yet #wellness means getting well,38,,2,0.17,0.07,Positive
153,8.60E+17,1.69E+18,en,2023-08-17 14:11:05+00:00,"@AlexBerenson ""Can cause"" psychosis. Just like amoxicillin ""can cause"" Stevens-Johnson syndrome, but doesn't for like 99% of users.

For the vast majority of THC users, psychosis will never be an issue.",32,can cause psychosis just like amoxicillin can cause stevens johnson syndrome but does not  like 99% users vast majority thc users psychosis never issue,22,,0,1,0,Neutral
154,360906254,1.69E+18,en,2023-08-17 13:15:24+00:00,I feel like doctors prescribe me the boulder sized pills when I tell them I gag easily. But when I forget they wanna give me the liquid amoxicillin,28,feel like doctors prescribe boulder sized pills tell them gag easily but forget wanna give liquid amoxicillin,17,,0,0.833333333,0.433333333,Positive
155,3070228512,1.69E+18,en,2023-08-17 12:37:07+00:00,"Inb4 did you taste the cat amoxicillin, no but it has a distinct nanner smell",15, did  taste cat amoxicillin no but has distinct nanner smell,10,,0,0.3,0.3,Positive
156,3070228512,1.69E+18,en,2023-08-17 12:37:04+00:00,"Hot take: liquid amoxicillin for cats should not be banana flavor. Cats do not eat nanners in the wild, perhaps if it was hotdog flavor they would be more cooperative about taking their dang medicine",35,hot take liquid amoxicillin cats should not banana flavor cats do not eat nanners wild perhaps hotdog flavor more cooperative about taking dang medicine,24,,0,0.583333333,0.283333333,Positive
157,1.61E+18,1.69E+18,en,2023-08-17 12:35:28+00:00,"RT @vynzbrahreborn: ""Bro can you like cure my eye infection with ayahuasca or some shit dawg""

""Antibiotics, specifically amoxicillin. Aspi‚Ä¶",19, can like cure eye infection ayahuasca some shit dawg antibiotics specifically amoxicillin,12,,4,0.8,-0.2,Negative
158,1.52E+18,1.69E+18,en,2023-08-17 12:05:00+00:00,@isaaxoo take the amoxicillin,4, take  amoxicillin,2,,0,0,0,Neutral
159,1.18E+18,1.69E+18,en,2023-08-17 10:47:12+00:00,"Amoxicillin 500mg Mexico: Things to know
https://t.co/XzwPWMoh5o",7,amoxicillin 500mg mexico things  know,5,,0,0,0,Neutral
160,1.36E+18,1.69E+18,en,2023-08-17 10:45:28+00:00,remind me to take my amoxicillin at 5am ty,9,remind take amoxicillin 5am ,4,,0,0,0,Neutral
161,2718448838,1.69E+18,en,2023-08-17 10:12:47+00:00,I don talk tire but Ciprotab and Amoxicillin still dey suffer for our hands. https://t.co/WOVyEIHwnY,15,talk but ciprotab amoxicillin still suffer hands,7,,0,0,0,Neutral
162,1.07E+18,1.69E+18,en,2023-08-17 09:44:02+00:00,"Dad gave me the sadness and angry  mental illnesses and fruit allergies, asthma, pollen/seasonal and animal allergies

Mom gave me the ego and confidence boosting mental illnesses. And probably peanut/nut allergy.

One of these mfs made me allergic to amoxicillin and penicillin.‚Ä¶ https://t.co/O0iLJvKNgB",,"gave sadness angry  mental illnesses fruit allergies asthma pollen seasonal animal allergies

gave  ego confidence boosting mental illnesses probably peanut nut allergy

made  allergic  amoxicillin penicillin",26,,0,0.466666667,-0.233333333,Negative
163,1624841978,1.69E+18,en,2023-08-17 08:18:14+00:00,Sick &amp; having an allergic reaction. Boutta buy amoxicillin and just end it all ü´†,13,sick having  allergic reaction buy amoxicilli just end  all,9,,0,0.857142857,-0.714285714,Negative
164,1.28E+18,1.69E+18,en,2023-08-17 07:20:55+00:00,@GauchoBrian_ I‚Äôm that friend that believes in the red and yellow amoxicillin capsules onlyüòÇüòÇ,14,i am friend believes red yellow amoxicillin capsules ,7,,0,0,0,Neutral
165,1.51E+18,1.69E+18,en,2023-08-17 06:08:32+00:00,"Dear Pharmacists, Doctors &amp; Nurses, does a colour of Amoxicillin Capsules matter when buying it? Because I've a friend who's stuck to one color. You buy them a different color, same capsules you're in trouble. üòπ",34,pharmacists doctors nurses does colour amoxicillin capsules matter buying it? because i have  friend who is stuck one color buy them different color same capsules you are trouble,25,,9,0.308333333,-0.066666667,Negative
166,1.12E+18,1.69E+18,en,2023-08-17 05:42:50+00:00,"Efficacy and safety of triple therapy containing berberine, amoxicillin, and vonoprazan for Helicobacter pylori initial treatment: A randomized controlled trial

https://t.co/F1kurMl9KI",31,efficacy safety triple therapy containing berberine amoxicillin vonoprazan helicobacter pylori initial treatment randomized controlled trial,25,,0,0,0,Neutral
167,1.05E+18,1.69E+18,en,2023-08-17 04:06:20+00:00,"@guy_farrell Yes.. still hurts but not as bad. tetanus shot on butt and shot in arm.. 
amoxicillin and pain pills prescribed.. I‚Äôm worried bout tomorrow. Was told it‚Äôs gonna be worse 
That little puncture was close to the artery which caused that swelling",43,yes still hurts but not bad tetanus shot butt shot arm amoxicillin pain pills prescribed i am worried bout tomorrow told it is gonna worse  little puncture close artery caused swelling,29,,0,0.588888889,-0.429166667,Negative
168,1.32E+18,1.69E+18,en,2023-08-17 04:03:25+00:00,RT @DrToddLee: @AmolAVerma @ASPphysician @ASP_MirandaS @SammyG_MD @drstanbrook @AnilMakam We have been using ceftriaxone or amoxicillin plu‚Ä¶,16,have been using ceftriaxone amoxicillin plus,6,,3,0,0,Neutral
169,2983739085,1.69E+18,en,2023-08-17 03:43:35+00:00,RT @DrToddLee: @AmolAVerma @ASPphysician @ASP_MirandaS @SammyG_MD @drstanbrook @AnilMakam We have been using ceftriaxone or amoxicillin plu‚Ä¶,16,have been using ceftriaxone amoxicillin plus,6,,3,0,0,Neutral
170,2381471437,1.69E+18,en,2023-08-17 03:42:31+00:00,@DolpaliAkhanda To see just amoxicillin given for tonsillitis is very rare in our area. Steroid has its pros and cons for use in tonsillitis. They should document every medicines they prescribe just like all of doctors. Too bad regulators only focus on doctors.,43,see amoxicillin given tonsillitis very rare area steroid has pros cons use tonsillitis should document every medicines prescribe  like all doctors too bad regulators only focus doctors,27,,0,0.888888889,-0.103333333,Negative
171,1.35E+18,1.69E+18,en,2023-08-17 02:54:13+00:00,Picking up second amoxicillin script this summer tm morning üòÅ,9,picking second amoxicillin script summer morning ,6,,0,0,0,Neutral
172,358929612,1.69E+18,en,2023-08-17 02:43:13+00:00,Glaciar freeze over cool blue. Cool blue tastes like amoxicillin without the bubblegum flavoring https://t.co/nmHHwa8Nfq,15,glaciar freeze over cool blue cool blue tastes like amoxicillin without bubblegum,12,,0,0.375,0.175,Positive
173,1.41E+18,1.69E+18,en,2023-08-17 01:46:31+00:00,"Oh yea, my doctor wrote me a prescription for some good shit.  Tonight we're getting fucked up on amoxicillin!",19,my doctor wrote prescription some good shit  tonight we are getting fucked amoxicillin!,12,,0,0.7,-0.083333333,Negative
174,1.68E+18,1.69E+18,en,2023-08-17 00:13:48+00:00,"What is the strongest antibiotic for COPD?.. #Antibiotics, such as #amoxicillin with #clavulanicacid (Amoclav), #macrolides, or #tetracyclines, can help treat $COPD exacerbations. They work by killing the bacteria that cause symptoms. https://t.co/A4X795bMRR",32,strongest antibiotic copd? antibiotics as amoxicillin clavulanicacid amoclavmacrolides tetracyclines can help treat copd exacerbations work killing bacteria cause symptoms,20,,0,0.5,0,Neutral
175,1.63E+18,1.69E+18,en,2023-08-16 23:53:45+00:00,"last medical additions this week.  An oxygen concentrator, 4 more bottles of 500mg amoxicillin (if the fish get sick), and fully automated AED.  Have enough stuff for a small clinic at this point.  Most excited about the oxygen concentrator for respiratory illnesses.",42,last medical additions week oxygen concentrator 4 bottles 500mg amoxicillin fish get sick fully automated aed  have enough stuff small clinic point  most excited about oxygen concentrator respiratory illnesses,29,,0,0.44672619,0.051339286,Positive
176,1.60E+18,1.69E+18,en,2023-08-16 22:46:44+00:00,"Women are caught in webs, spin 'em &amp; hock venom Adrenaline shots of penicillin could not get the illin' to stop Amoxicillin's just not real enough (Black Widow vibes, Some women are lowkey evil villains)",34,women caught webs spin em hock venom adrenaline shots penicillin not get illin' stop amoxicillin's not real black widow vibes some women  lowkey evil villains,25,,0,0.588888889,-0.388888889,Negative
177,1.44E+18,1.69E+18,en,2023-08-16 21:31:03+00:00,"@kidswhoshowjump @yay_its_james @Hampson14Jane @stkirsch I'll leave this here for the next time you get an infection:  

https://t.co/Arhc6podM9",17,i will leave here next time get infection,7,,0,0,0,Neutral
178,1.50E+18,1.69E+18,en,2023-08-16 20:37:03+00:00,"Gbogunmi : Mo Loogun o( I've charm o). My roommate : Dammy, Shey Iwo na loogun? (Do you have charm too, Dammy?) Me: Beeni, of course, of course, I've metronidazole, paracetamol, amoxicillin, etc etc. Which one do you want?üòÇüòÇ",37,gbogunmi i have charm roommate dammy do have charm too?  beeni course i have metronidazole paracetamol amoxicillin one do want?,18,,1,0,0,Neutral
179,177489071,1.69E+18,en,2023-08-16 20:25:12+00:00,@ukheather @RealRossU I don‚Äôt have back pain thankfully but I‚Äôve encountered some promising resources incidentally. One was that up to 40% of back pain can be cured by antibiotics (amoxicillin) and the other was a book by John Sarno called Healing Back Pain which I understand ascribes it to chronic‚Ä¶ https://t.co/RFr2icpXe5,51,do not have back pain thankfully but i have encountered promising resources incidentally one up 40% back pain can cured antibiotics amoxicillin other book john sarno called healing back pain understand ascribes chronic,31,,0,0.175,0.015,Positive
180,2851250636,1.69E+18,en,2023-08-16 19:58:26+00:00,Upper ridge of mouth is healing nicely but I was right! I have a infection in the tissue on the right side. Got my Amoxicillin so I should be good to go. Fingers crossed.üòè,34,upper ridge mouth healing nicely but right! have infection tissue right side got amoxicillin should good fingers crossedè,19,,0,0.534285714,0.388571429,Positive
181,20152072,1.69E+18,en,2023-08-16 19:45:49+00:00,i only have one amoxicillin dose left what a journey,10,have amoxicillin dose left journey,5,,0,0.5,0,Neutral
182,1003042152,1.69E+18,en,2023-08-16 19:01:26+00:00,crazy how some people would rather give their kids vinegar and garlic than some god damn amoxicillin!!!!!!!!,17,crazy how people rather give kids vinegar garlic god damn amoxicillin!!!!!!!!,11,,0,0.9,-1,Negative
183,1.22E+18,1.69E+18,en,2023-08-16 18:44:53+00:00,"I can tell you how to talk the most impeccable shit I can show you how to walk like you've gat decimals, bitch Show you how I can get the top from all the top 10 bitches I got white adderalls and amoxicillin",43,tell how talk most impeccable shit show how walk like you have gat decimals bitch show how get  top all top 10 bitches got white adderalls amoxicillin,26,,0,0.508333333,0.341666667,Positive
184,1.55E+18,1.69E+18,en,2023-08-16 17:20:22+00:00,"@HeatherDodd6 I'm surprised that the hospital wants you there, considering how sick you are. But I guess let's just spread the shit everywhere. üôÑüòí I hope the amoxicillin and plenty of rest helps you recharge before that am shift. Ufgh",41,i am surprised hospital wants considering how sick  but guess let us spread shit everywhere hope amoxicillin plenty rest helps recharge before shift,23,,0,0.664285714,-0.153571429,Negative
185,1.49E+18,1.69E+18,en,2023-08-16 17:08:01+00:00,"Find out more about the current U.S. drug shortage crisis, including what to do if you‚Äôre having trouble getting your prescription filled. üëá https://t.co/a9CqAad2Mm",23,find out about current u.s. drug shortage crisis including do you are having trouble getting prescription filled,16,,0,0.5,0.175,Positive
186,1713021991,1.69E+18,en,2023-08-16 16:03:42+00:00,"Happy Wed peeps. Still sick üò´ I have to go to work at 2am till 6am. SUX! Then back again from 8 to 8am. Thank God I'm taking Amoxicillin 875 mil. If I got anything well, it's being killed off. Hospital will not give me PTO till my 1 yr anver. So I have to suffer. In bed ü§íüò©",57,happy wed peeps still sick have go work 2am till 6am! back again 8 8am thank god i'm taking amoxicillin 875 mil got anything well it's being killed off hospital give pto till 1 yr anver so have suffer bed,40,,1,0.464285714,-0.073214286,Negative
187,1.11E+18,1.69E+18,en,2023-08-16 15:15:14+00:00,@AquaTeenMarxist You can get fish amoxicillin without a prescription but that probably won't help you much,16,get fish amoxicillin prescription but probably would not help,8,,0,0.2,0.2,Positive
188,125743152,1.69E+18,en,2023-08-16 14:55:22+00:00,@oliviabrxtn See if they have an alternatives to amoxicillin!,9,see have alternatives amoxicillin!,4,,0,0,0,Neutral
189,1.56E+18,1.69E+18,en,2023-08-16 14:41:24+00:00,My bedside medicine cabinet is growing - ACV kinda tricky to swallow‚Ä¶ Started taking my own stash of amoxicillin cuz first Dr appt is Fri pm &amp; they will come outside to me (or anyone with cold symptoms) Took a Covid test ‚ûñ Hopefully a immune boost from all this‚Ä¶ https://t.co/fXJsOVZnQj,47,bedside medicine cabinet growing  acv kinda tricky swallow started taking own stash amoxicillin cuz first dr appt fri pm come outside  anyone cold symptoms took covid test hopefully immune boost all,31,,0,0.595833333,0.0625,Positive
190,9.48E+17,1.69E+18,en,2023-08-16 14:24:05+00:00,"Ladies and gentlemen, today I present to you a story about a superhero, "" Amoxicillin"", a determined and versatile movie character who embodies the journey of discovery and advancement in the field of medicine. Starting as an underdog, Amoxi's discovery in",39,ladies gentlemen today present story about superhero  amoxicillin determined versatile movie character embodies journey discovery advancement  field medicine starting underdog amoxis discovery,21,,0,0.05,0,Neutral
191,3320843077,1.69E+18,en,2023-08-16 14:21:59+00:00,Efficacy and safety of Azithromycin and Amoxicillin/Clavulanate for otitis media in children https://t.co/Ojt8AOlSzQ #dailymedicalinfo  #AUSvENG  #india #medicaleducation,18,efficacy safety  azithromycin amoxicillin clavulanate otitis media children #dailymedicalinfo  #ausveng  #india #medicaleducation,12,,0,0,0,Neutral
192,4873006353,1.69E+18,en,2023-08-16 14:18:41+00:00,all these kids are mf sick and the pharmacies are sold out of amoxicillin what kinda shit is this,19,kids mf sick pharmacies sold out amoxicillin kinda shit,9,,0,0.828571429,-0.457142857,Negative
193,1.58E+18,1.69E+18,en,2023-08-16 14:00:00+00:00,What is Amoxicillin? Amoxicillin is a type of antibiotic medication used to treat bacterial infections. It belongs to the penicillin class of antibiotics and stops bacteria growth. #RetailPharmacy #Amoxicillin #RedfordMI,30,amoxicillin? amoxicillin type antibiotic medication used treat bacterial infections belongs penicillin class antibiotics stops bacteria growth #retailpharmacy #amoxicillin #redfordmi,18,,0,0,0,Neutral
194,1.51E+18,1.69E+18,en,2023-08-16 13:41:28+00:00,"""Bro can you like cure my eye infection with ayahuasca or some shit dawg"" ""Antibiotics, specifically amoxicillin. Aspirin for pain if necessary. After two weeks follow up with cephalexin if symptoms don't improve"" https://t.co/k1nlvwSJK4 https://t.co/y2ztKfOAqe",35,bro can like cure eye infection ayahuasca shit dawg antibiotics specifically amoxicillin aspirin pain necessary after two weeks follow up cephalexin symptoms do not improve,24,,4,0.9,-0.1,Negative
195,521689086,1.69E+18,en,2023-08-16 12:53:17+00:00,@stephenHRNRP im taking your tweets as legal medical advice and hoping this amoxicillin gets going soon,16,im taking tweets legal medical advice hoping amoxicillin gets going soon,11,,0,0.1,0.1,Positive
196,9.49E+17,1.69E+18,en,2023-08-16 11:30:01+00:00,"For over 50 years, @KasonCorp has manufactured industry-leading #screening, #separating &amp; processing equipment. In the #pharmaceutical industry, our equipment is being used in applications for aspirin, blood, amoxicillin, antioxidants &amp; vitamins.  https://t.co/v5XCp6AdNd https://t.co/QLVeiTjVmR",42,"over 50 years has manufactured industry leading #screening, #separating processing equipment #pharmaceutical industry equipment being used applications aspirin blood amoxicillin antioxidants vitamins  ",30,,0,0,0,Neutral
197,1.47E+18,1.69E+18,en,2023-08-16 11:10:30+00:00,"@cjarmstrong2 @RishiSunak @MKHospital Yes Mr Sunak, the computer system is telling me that your private Amoxicillin script is indeed ¬£500. It‚Äôs cash only as well ü§£",25,mr sunak computer system telling private amoxicillin script indeed £500 it is cash,12,,0,0.6875,0,Neutral
198,730536463,1.69E+18,en,2023-08-16 10:01:54+00:00,@_ppoundcakee I was on clarythromicin when I had H Pylori virus in my stomach . Hopefully they do the trick - worked for me when I had to take with Omeprazole and amoxicillin üòÇüëçüèª Get well soon.,34,clarythromicin had h pylori virus stomach hopefully do trick  worked when had take omeprazole amoxicillin get well,17,,0,0,0,Neutral
199,1.17E+18,1.69E+18,en,2023-08-16 09:38:22+00:00,AMOXICILLIN cheatsheet for you that covers everything you need to know about this medication! #edental #Dentist #prometricexam #prometric #dentistry #MOH #QCHP #OMSB #HAADexam #DHA_Dubai #NHRA #DOH #Exam #SDLE #scfhs https://t.co/pSNlVthADR,30,amoxicillin cheatsheet covers everything  need  know about medication! ,23,,0,0,0,Neutral
200,1.63E+18,1.69E+18,en,2023-08-16 04:56:39+00:00,"Amoxicillin or amoxicillin and clav, decided not to take two cayenne capsules. Really a tough antibiotic  for brain oxidative damage and anger, disgust moody, etc ..",25,amoxicillin amoxicillin clav decided not take two cayenne capsules really tough antibiotic  brain oxidative damage anger disgust moody,18,,0,0.516666667,-0.544444444,Negative
201,1.54E+18,1.69E+18,en,2023-08-16 04:38:41+00:00,RT @BlessedRPh: üå∏ amPicillin: Parenteral üå∏ amOxicillin: Oral,6,ampicillin parenteral amoxicillin oral,4,,6,0,0,Neutral
202,1.54E+18,1.69E+18,en,2023-08-16 04:37:23+00:00,"RT @BlessedRPh: üìéAMinopenicillins / Broad Spectrum Penicillins üìçAmpicillin Prodrugs: Bacampicillin, Hetacillin, Ciclacillin üìçAMoxicillin",12,aminopenicillins  broad spectrum penicillins ampicillin prodrugs bacampicillin hetacillin ciclacillin amoxicillin,10,,1,0.3125,0.0625,Positive
203,1.49E+18,1.69E+18,en,2023-08-16 03:33:37+00:00,"@LindenmuthWendi Several different kinds of life saving antibiotics.  I can do a z-pack, or doxycycline.  Penicillin, amoxicillin, or any cephalosporin will probably kill me, and almost did when I was a teenager.",33,different kinds life saving antibiotics can do  z pack doxycycline  penicillin amoxicillin cephalosporin probably kill almost did teenager,19,,0,0.3,0,Neutral
204,777312404,1.69E+18,en,2023-08-16 03:18:37+00:00,Amoxicillin is a beautiful name for a baby boy,9,amoxicillin beautiful name baby boy,5,,0,1,0.85,Positive
205,4260929247,1.69E+18,en,2023-08-16 01:18:24+00:00, @ASP_MirandaS @SammyG_MD @drstanbrook @AnilMakam We have been using ceftriaxone or amoxicillin plus doxycycline as first line since ~2013. Various reasons but mostly my love of this article and the 2010-2012 article on c difficile and doxy for cap https://t.co/eVEqt9Tbng,22,"have been using ceftriaxone amoxicillin plus doxycycline first line since 2013 various reasons but mostly love article  2010 2012 article c difficile doxy cap 
",24,,3,0.477777778,0.25,Positive
206,1061766884,1.69E+18,en,2023-08-16 00:22:35+00:00,STRAWBERRIES AND CR√àME DR PEPPER JUST TASTES LIKE AMOXICILLIN LMFAOOOOOOOOO,11,strawberries cr„ dr pepper tastes like amoxicillin lmfaooooooooo,8,,0,0,0,Neutral
207,1.36E+18,1.69E+18,en,2023-08-16 00:05:50+00:00,so are like penicillin and amoxicillin like cousins????ü§î,8,so like penicillin amoxicillin like cousins,6,,0,0,0,Neutral
208,1.64E+18,1.69E+18,en,2023-08-15 22:38:16+00:00,@SpillTheMemes @LibertyCappy Amoxicillin,3,amoxicillin,1,,0,0,0,Neutral
209,1.12E+18,1.69E+18,en,2023-08-15 20:30:35+00:00,"@TheRealDudja Penicillin, Amoxicillin, and soy. Please don't kill me.",9,penicillin amoxicillin soy please do not kill,6,,0,0,0,Neutral
210,1.67E+18,1.69E+18,en,2023-08-15 20:00:35+00:00,"For those with EM rash &amp; no other focal symptoms (cardiac,neuro or jt involvement), non medical prescribers such as in MSK setting should prescribe oral ABs such as Doxycycline, Amoxicillin or Azithromycin as per NICE dosage guidelines (NICE 2023)",39,those em rash no other focal symptoms cardiac neuro jt involvement non medical prescribers such as msk setting should prescribe oral abs such doxycycline amoxicillin azithromycin  nice dosage guidelines nice 2023,30,,0,0.5625,0.210416667,Positive
211,8.53E+17,1.69E+18,en,2023-08-15 19:05:23+00:00,"@UKnowwho222 @MonicaGandhi9 Problem.
No direct link to prophylaxis. 

We have been using Amoxicillin for dental prophylaxis for decades.",18,problem no direct link prophylaxis  have using amoxicillin dental prophylaxis decades,10,,0,0.4,-0.05,Negative
212,125245974,1.69E+18,en,2023-08-15 18:17:27+00:00,popped my last amoxicillin this morning god willing I am free and clear of any tick diseases fkin mark is still on my leg tho smh,26,popped last amoxicillin morning god willing  free clear any tick diseases fkin mark still  leg  smh,,17,0,0.5,0.1875,Positive
213,1.37E+18,1.69E+18,en,2023-08-15 17:32:02+00:00,"Nurse made a 3am oopsie, speed drained 100ml of amoxicillin into my vein.",13,nurse made 3am oopsie speed drained 100ml amoxicillin into vein,10,,0,0,0,Neutral
214,1.65E+18,1.69E+18,en,2023-08-15 15:28:18+00:00,"@IamBrookJackson As the situation demands currently we are dealing in all covid medicines used for precaution and cure. 

Ivermectin
HCQ 200mg and 400mg
Ziverdo kit
Amoxicillin
Doxycycline
Zinc acetate
Azithromycin
Nitazoxanide ....

Please contact us for further info https://t.co/TSn26MuNn5",37,"situation demands currently dealing all covid medicines used precaution cure 

ivermectin
hcq 200mg 400mg
ziverdo kit
amoxicillin
doxycycline
zinc acetate
azithromycin
nitazoxanide ....

please contact further info",25,,0,0.45,0,Neutral
215,27648427,1.69E+18,en,2023-08-15 14:53:11+00:00,"A national shortage of amoxicillin led to an increase in the use of alternative agents to treat ear infections, according to a study in Pediatrics: https://t.co/naOtyRJUBD",26,national shortage amoxicillin led increase use alternative agents treat ear infections according study pediatrics,14,,0,0,0,Neutral
216,1.58E+18,1.69E+18,en,2023-08-15 14:52:17+00:00,"@ar1kdfkm Amoxicillin works too 
But it‚Äôll take a longer time. 
How about other sore throat lozenges?",16,"amoxicillin works 
but it'll take  longer time 
how about other sore throat lozenges?",13,,0,0.375,-0.125,Negative
217,2716019399,1.69E+18,en,2023-08-15 14:27:21+00:00,@thebigscoop @petiteluc Tap in got amoxicillin 30s rn,8,tap got amoxicillin 30s,4,,0,0,0,Neutral
218,8.53E+17,1.69E+18,en,2023-08-15 14:26:38+00:00,"@MoMoPerry @MonicaGandhi9 Always a risk, but this is prophylaxis and not treatment.
We have used amoxicillin, erythromycin, clindamycin for various prophylaxis for decades for with little effect on resistance.
Depends on the drug and the bug.",36,"always  risk but this prophylaxis not treatment
have used amoxicillin erythromycin clindamycin various prophylaxis decades little effect resistance
depends  drug bug",23,,0,0.5,-0.09375,Negative
219,8.53E+17,1.69E+18,en,2023-08-15 14:18:37+00:00,"@UKnowwho222 @MonicaGandhi9 We have  use amoxicillin for ""mass"" prophylaxis for decades with no problem.",14,have use amoxicillin mass prophylaxis decades no problem,8,,0,0,0,Neutral
220,8.86E+17,1.69E+18,en,2023-08-15 14:00:02+00:00,Dracula would help me secure some amoxicillin,7,dracula help secure amoxicillin,4,,0,0.6,0.4,Positive
221,1544842910,1.69E+18,en,2023-08-15 13:42:58+00:00,"@mamaynanjago Thanks, now I have to see if there is an amoxicillin app for my phone",16,thanks now have see there amoxicillin app phone,8,,0,0.2,0.2,Positive
222,109702480,1.69E+18,en,2023-08-15 13:02:45+00:00,@Trafficmanmatt It took a week for me to learn I‚Äôm allergic to amoxicillin and then a week for it to go away. You‚Äôll get there.,25,took week learn i am allergic amoxicillin then week go away you will get there,13,,0,0,0,Neutral
223,9.91E+17,1.69E+18,en,2023-08-15 11:39:42+00:00,"@Jikkyleaks Some signs of a TerrainTheoryZealot being a glowie:

1. Claim that IVM, HCQ, Amoxicillin are dangerous (genotoxins &amp; carcinogen) using pharma funded research on IVM. They help out #OneHealth #AMR cult.

2. Attack you in threads where you are rebutting a vaxinist using 1.

Contd.. https://t.co/mIp2TrSkLc",47,signs terraintheoryzealot being glowie claim ivm hcq amoxicillin dangerous genotoxins carcinogen using pharma funded research ivm help out #onehealth #amr cult attack threads rebutting vaxinist using 1 contd,28,,0,0.9,-0.6,Negative
224,1.45E+18,1.69E+18,en,2023-08-15 10:40:40+00:00,Effect of unintended short-term 3.0‚Äâg/day amoxicillin and probenecid treatment for early syphilis on patients with HIV-1 infection https://t.co/7Uztek1WIN,18,effect unintended short term 3.0 day amoxicillin probenecid treatment early syphilis patients hiv-1 infection ,14,,0,0.3,0.1,Positive
225,1.48E+18,1.69E+18,en,2023-08-15 08:40:51+00:00,@TalkTV @JuliaHB1 This sort of thing is potentially a lot more dangerous than anti biotics. It's the wrong way around. You should need to see a doctor for weight loss jabs and not for amoxicillin.,35,sort thing potentially lot more dangerous anti biotics it is wrong way around. should need see doctor weight loss jabs not amoxicillin,21,,0,0.825,-0.15,Negative
226,9.91E+17,1.69E+18,en,2023-08-15 08:05:09+00:00,"@Pablosquest @thereal_truther Your infographics (No info on Dosage, drug combo, duration) shows ivermectin &amp; amoxicillin related to genotoxicity &amp; cancer.

IVM, antibiotics more powerful than amoxicillin &amp; Ayurveda/siddha meds have literally saved people‚Äôs lives, myself included very recently.

Your solution?",40,infographics no info dosage drug combo duration shows ivermectin amoxicillin related genotoxicity cancer ivm antibiotics more powerful amoxicillin ayurveda siddha meds have literally saved peoples lives myself included very recently your solution?,32,,0,0.55625,0.2,Positive
227,1067110410,1.69E+18,en,2023-08-15 03:46:59+00:00,"@sushipokeotter No one did, that the problem. Ivermectin and Amoxicillin are both anti-parasitics. The regular amoxicillin dose is 35mg/kg. The highest trial any organization has done for ivermectin is a dose of 0.6mg/kg. Even though ivermectin has far less side effects for humans. Look it up.",48,no one did problem ivermectin amoxicillin both anti-parasitics regular amoxicillin dose 35mg kg highest trial any organization has done ivermectin dose 0.6mg kg even though ivermectin has far less side effects humans look it up,35,,0,0.381196581,-0.022222222,Negative
228,1.63E+18,1.69E+18,en,2023-08-15 01:02:51+00:00,"Thing critter be internal pop noising the door at 4am loud.... Was ice washing acne, folliculitis. Got Thrush from amoxicillin, then a amoxicillin with clav script. My mom had to pay $700 to get 3 teeth extracted, seemed like simple extractions, covered united health dual....",45,thing critter internal pop noising door 4am loud ice washing acne folliculitis got thrush amoxicillin  amoxicillin clav script mom had pay $700 get 3 teeth extracted seemed like simple extractions covered united health dual,34,,0,0.385714286,0.033333333,Positive
229,304662968,1.69E+18,en,2023-08-15 00:51:25+00:00,@BeingCece You ain‚Äôt been yo the doctor yet? They gone give you that bubble gum flavor amoxicillin lol,18, been yo doctor yet? gone give bubble gum flavor amoxicillin lol,12,,0,0.7,0.8,Positive
230,1.58E+18,1.69E+18,en,2023-08-15 00:16:24+00:00,@TheRealDudja Amoxicillin,2,amoxicillin,1,,0,0,0,Neutral
231,1004245488,1.69E+18,en,2023-08-14 23:33:59+00:00,@dpmom3 @birdchad88 @BErtNotBurt @FunctionNtFancy @AntiParasocial @catturd2 Farm meds? You keep spreading misinformation don‚Äôt you. Amoxicillin is used on farm animals and humans. Is amoxicillin farm meds too? Your logic is idiotic,31,farm meds? keep spreading misinformation do not amoxicillin used farm animals humans amoxicillin farm meds too? logic idiotic,17,,0,0.833333333,-0.666666667,Negative
232,792278676,1.69E+18,en,2023-08-14 23:12:15+00:00,"@jonathanstea @CaulfieldTim @RyanMarino @EdzardErnst @doritmi @DrLindaMD @ThinkingPowers I wasn't aware that isoniazid, amoxicillin-clavulanate, anticonvulsants, minocycline, diclofenac, macrolide, fluloxacillin, halothane, ibuprofen, interferon beta-1a, nitifurantoin, azathioprine, and anabolic steroids are actually herbal products..

Thanks for warning us Doctor! https://t.co/zNkmYEldFp",37,was not aware isoniazid amoxicillin clavulanate anticonvulsants minocycline diclofenac macrolide fluloxacillin halothane ibuprofen interferon beta-1a nitifurantoin azathioprine anabolic steroids actually herbal products thanks warning doctor! ,24,,1,0.183333333,0.166666667,Positive
233,46185658,1.69E+18,en,2023-08-14 22:42:23+00:00,@ACuppaSte I was given amoxicillin and I wasn‚Äôt getting better then they gave me penicillin and I nearly died. Can‚Äôt have anything with the Cillen name‚Ä¶ üòÇ a n e tried to give me floxocillen after I told about 10 nurses I was allergic and wearing a red band!!,49,given amoxicillin was not getting better gave penicillin nearly died can not have anything cillen name tried give floxocillen after told about 10 nurses allergic wearing red band!!,26,,0,0.3,0.2,Positive
234,2400307326,1.69E+18,en,2023-08-14 21:59:06+00:00,"@TheRealDudja Tomatoes, kiwi, amoxicillin",4,tomatoes kiwi amoxicillin,4,,0,0,0,Neutral
235,1.54E+18,1.69E+18,en,2023-08-14 21:50:35+00:00,@TheRealDudja Amoxicillin gives me a rash,6,amoxicillin gives rash,3,,0,0,0,Neutral
236,1.59E+18,1.69E+18,en,2023-08-14 19:04:34+00:00,"@ZekeGary2 @SweetPeaBell326 @LeaderMcConnell @SpeakerMcCarthy They gave my cat amoxicillin before his dental surgery. Now l can never take it again when l have a sinus infection cuz it's ""cat goo"". üòâ",31,gave cat amoxicillin before dental surgery now never take again have sinus infection cuz it is cat goo,17,,0,0,0,Neutral
237,3916896192,1.69E+18,en,2023-08-14 19:02:35+00:00,"This is already being done by most Docs in cities, as per previous advisory. Also, you made a 'small' mistake ‚Äì it's Amoxicillin+Clavulinic Acid, in Augmentin 625 (500 +125). This is why the ban is risky - increases human errors also. But, professionals don't really have a say! https://t.co/QQPNWEbeAw",50,already being done most docs cities per previous advisory also made mistake it is amoxicillin clavulinic acid augmentin 625 500 125 ban risky increases human errors but professionals do not really have say! ,31,,1,0.273333333,0.066666667,Positive
238,170280910,1.69E+18,en,2023-08-14 18:31:07+00:00,"@Teri_careforall Amid RECORD syphilis and congenital syphilis, we are out of antibiotics to treat syphilis and congenital syphilis until the summer of 2024. 

Kids can‚Äôt get amoxicillin, there‚Äôs an ongoing cancer drugs shortage‚Ä¶This is all so OUTRAGEOUS. https://t.co/mrWImw76Hu",39,record syphilis congenital syphilis out antibiotics treat syphilis congenital syphilis until summer 2024 kids can not get amoxicillin there is ongoing cancer drugs shortage so outrageous,24,,0,1,-1,Negative
239,1067110410,1.69E+18,en,2023-08-14 18:27:58+00:00,"@paytonperryts @dartagnank https://t.co/doAsZyINgd

This Ivermectin trial used .6 mg/kg dosage. The highest dosage tested, till date.

While the most famous anti-parasitic, Amoxicillin, starts at a dosage of 35 mg/kg. It is more toxic for humans.

All Ivermectin trails were set-up to fail.",43,ivermectin trial used .6 mg/kg dosage highest dosage tested till date while most famous anti-parasitic amoxicillin starts dosage 35 mg /kg more toxic humans ivermectin trails were set-up fail,29,,0,0.575,0.25,Positive
240,8.91E+17,1.69E+18,en,2023-08-14 17:47:21+00:00,"@IceTwerd Still exactly the same. I've had a week's Amoxicillin 
1 week of Prednisolone
1 week of Clarithromycin 
Oxygen 
IV antibiotics 
Still the same as when I started 
No voice for three weeks",33,still exactly same i have had weeks amoxicillin 1 week prednisolone 1 week clarithromycin oxygen iv antibiotics still same when started no voice three weeks,24,,0,0.166666667,0.083333333,Positive
241,1.23E+18,1.69E+18,en,2023-08-14 17:27:16+00:00,i‚Äôm so full of amoxicillin yum!!,6,i am full amoxicillin yum!!,4,,0,0.55,0.546875,Positive
242,1.58E+18,1.69E+18,en,2023-08-14 17:24:19+00:00,I‚Äôve had a rash since Thursday from amoxicillin and it‚Äôs only getting worse fml,14,i have had rash since thursday amoxicillin it is getting worse fml,10,,0,0.8,-0.2,Negative
243,1.26E+18,1.69E+18,en,2023-08-14 17:20:31+00:00,"@SeaDogFrog This happened to me before I was peating and they gave me amoxicillin.
I was also given amoxicillin after an ‚Äúear infection‚Äù. Both bottles still sitting my room.. waiting..",30,happened before peating gave amoxicillin also given amoxicillin after infection bottles still sitting room waiting,15,,0,0,0,Neutral
244,29094294,1.69E+18,en,2023-08-14 16:55:37+00:00,Annoying!!! @CVSHealth how do none of your stores have amoxicillin suspension and I had to go to a private pharmacy to get it? Seriously? Ridiculous! As if dealing with a sick child isn‚Äôt enough now this ü§¨ #Dobetter,38,annoying!!!  how do none stores have amoxicillin suspension had private pharmacy? seriously? ridiculous! dealing sick child is not enough now this  #dobetter,21,{'place_id': '00c39537733fa112'},0,0.726428571,-0.426190476,Negative
245,1.21E+18,1.69E+18,en,2023-08-14 15:25:01+00:00,@JakTunes69 @NoContextHumans amoxicillin 3 times a day,7, amoxicillin 3 times  day,4,,0,0,0,Neutral
246,2732148378,1.69E+18,en,2023-08-14 15:19:53+00:00,Just took amoxicillin üò´ mannnn wtf,5,took amoxicillin mannnn wtf,4,,0,1,-0.5,Negative
247,1.52E+18,1.69E+18,en,2023-08-14 15:10:54+00:00,"@dpmom3 @Trucker2727 @Dre_Dre_Dre_Dre @catturd2 What an incredibly stupid response. There's so many drugs that are approved, bottled and labeled for all species. Penicillin, tetracycline, ivermectin, ampicillin, amoxicillin, cephalosporin, vitamin D... All approved for almost all species",36,incredibly stupid response. there are many drugs approved bottled labeled species penicillin tetracycline ivermectin ampicillin amoxicillin cephalosporin vitamin d all approved almost all species,23,,0,0.75,-0.15,Negative
248,1.31E+18,1.69E+18,en,2023-08-14 15:06:03+00:00,missing when i was a child and got liquid amoxicillin now i have to take a fucking horse pill,19,missing child got liquid amoxicillin have take fucking horse pill,10,,0,0.425,-0.4,Negative
249,1.60E+18,1.69E+18,en,2023-08-14 15:04:44+00:00,"My nurse daughter had to have clot busting medicine, admitted in hospital for 3 days with high D dimer. Got pneumonia. double vaxed and boosted. 25 yrs old. üò°
Was on amoxicillin 1x throughout her childhood as a 4 yr old.   not sickly at all. https://t.co/sCje1xBpzO",46,nurse daughter had have clot busting medicine admitted hospital 3 days high d dimer got pneumonia double vaxed boosted 25 yrs old amoxicillin 1x throughout childhood 4 yr old not sickly ,31,,0,0.359428571,0.143428571,Positive
250,1.16E+18,1.69E+18,en,2023-08-14 14:50:47+00:00,"@axios: Some 57% of heath system report critical  ¬†shortages of cancer drugs¬†. But they  system #pharmacists also reported significant  shortages of oral liquids (like lidocaine and amoxicillin), steroids, hormonal drugs and ""crash cart"" drugs. 

https://t.co/2GDxZGVO7Z",37,57% heath system report critical  shortages cancer drugs but system #pharmacists reported significant  shortages oral liquids like lidocaine amoxicillin steroids hormonal drugs crash cart drugs ,25,,0,0.8375,0.1875,Positive
251,83863805,1.69E+18,en,2023-08-14 14:36:30+00:00,"@sheenz_m_ No, not really üò© went really sick and dizzy yesterday. Googled Amoxicillin (given at WIC at 8am) &amp; realised was common side effect üò©. Stopped taking them. Phoned Gp this am for alternative but he couldn‚Äôt do as notes from WIC not thro üôÑ Have to phone back after 4pm üò¢üò©",52,no not really went really sick dizzy yesterday googled amoxicillin given wic 8ammrealised common side effect stopped taking phoned go alternative but could not do notes wic not have phone back after 4pm ,32,{'place_id': '1aca7d8a9c3faae1'},0,0.389285714,-0.278571429,Negative
252,3279964723,1.69E+18,en,2023-08-14 14:01:33+00:00,"Register now for this live webinar on GAS infections! Faculty will outline current statistics of invasive GAS infections in the United States, with a focus on the role of the pharmacist in its treatment and management across practice settings. Learn more:  https://t.co/RfM2fWHykm https://t.co/ja8aZq9jte",43,register now live webinar gas infections! faculty outline current statistics invasive gas infections united states focus role pharmacist treatment management across practice settings,23,,0,0.466666667,0.223484848,Positive
253,1.56E+18,1.69E+18,en,2023-08-14 13:55:33+00:00,@BigLeeBronzer @bennyjohnson Yes it works for that among many other things.   Amoxicillin is used to treat infections in animals.,19, yes it works among many other things amoxicillin used treat infections animals,12,,0,0.4375,0.1875,Positive
254,1.63E+18,1.69E+18,en,2023-08-14 12:55:52+00:00,"Amoxicillin, a versatile broad-spectrum antibiotic, fights various bacterial infections. Trust your doctor's prescription and complete the full course for effective treatment. ü¶†üíä

#goldenpharmalimited #AmoxicillinPower #HealthierTomorrow #SouthSudan #HealthInSouthSudan https://t.co/ybAIVuOLGQ",29,amoxicillin versatile broad-spectrum antibiotic fights various bacterial infection trust doctors prescription complete full course effective treatment ,21,,0,0.5625,0.2625,Positive
255,61570615,1.69E+18,en,2023-08-14 12:27:23+00:00,Came into work with amoxicillin spit up all over me cause my toddler gives a hard time with it. But at least I have my cold brew to get me through the day so all g.,36,came into work amoxicillin spit up over cause toddler gives hard time but least have cold brew get through day,20,{'place_id': '00c55f041e27dc51'},0,0.647222222,-0.397222222,Negative
256,325677368,1.69E+18,en,2023-08-14 11:31:20+00:00,"Current Issue: Streptococcus gallolyticus pasteurianus, Penicillin-Sensitive Bacteremia, Which Developed During Concommtent Amoxicillin Treatment and After an ENEMA https://t.co/AZBCkqbA5q https://t.co/Cy2Dge8mK2",19,current issue streptococcus gallolyticus pasteurianus penicillin-sensitive bacteremia which developed during concommtent amoxicillin treatment after enema,15,,0,0.35,0.05,Positive
