,Author ID,Tweet ID,Language,Created at,Text,Word Count,New Tweet,,Location,Retweet Count,Subjectivity,Polarity,Analysis,,Results
1,2184430467,1.69E+18,en,2023-08-21 08:21:44+00:00,Lorazepam Stimulates IL6 Production and Is Associated with Poor Survival Outcomes in Pancreatic Cancer | Clinical Cancer Research | American Association for Cancer Research,22,lorazepam stimulates il6 production  associated  poor survival outcomes  pancreatic cancer  clinical cancer research  american association  cancer research,17,,0,0.3,-0.2,Negative,negative,-1
2,1.69E+18,1.69E+18,en,2023-08-21 07:36:19+00:00,"buy ativan online without prescription from TRUST PHARMACY in the United States! Ativan without Prescription With Huge Discounts, Lowest Prices.",20,buy ativan online  prescription  trust pharmacy   united states! ativan  prescription  huge discounts lowest prices,14,,0,0.9,0.4,Positive,positive,1
3,1.25E+18,1.69E+18,en,2023-08-21 06:18:15+00:00,@JSchmanathan @loganzuber17 A great combination that many people use is lorazepam (Xanax would prob be similar in effect) and propranolol. One of each about an hour before the flight is amazingly effective and doesn‚Äôt make you loopy for the rest of the day.  Learned from a Dr. that travels for conferences,51,great combination  many people use  lorazepam xanax would prob be similar  effect  propranolol one  each about  hour before  flight  amazingly effective  does not make  loopy   rest   day  learned   dr that travels  conferences,31,,0,0.6125,0.475,Positive,positive,1
4,1.34E+18,1.69E+18,en,2023-08-21 02:46:37+00:00,Time to take lorazepam and watch art restoration videos in bed,11,time  take lorazepam  watch art restoration videos  bed,8,,0,0,0,Neutral,,0
5,51418957,1.69E+18,en,2023-08-21 02:37:30+00:00,"@angelusmalusuk Im so sorry you‚Äôve gone through all of this. I was in a similar situation a week ago.
1mg of lorazepam is equivalent of 5mg diazepam. Lorazepam is fast acting &amp; stays in system for 8 hours. Diazepam stays for around 48 hours. So when they say safer they most likely mean /1",52,"sorry  gone through   this   similar situation  week ago
1mg  lorazepam  equivalent  5mg diazepam lorazepam  fast acting  stays  system  8 hours diazepam stays  around 48 hours when  say safer they most likely mean",32,,0,0.598214286,-0.016071429,Negative,negative,-1
6,1.34E+18,1.69E+18,en,2023-08-21 02:12:25+00:00,I'M AWAKE- that lorazepam really knocked me the fuck out I SLEPT A PERFECT 8 HOURS,16, awake-  lorazepam really knocked  fuck out  slept  perfect 8 hours,10,,0,0.6,0.266666667,Positive,positive,1
7,79879197,1.69E+18,en,2023-08-21 01:49:59+00:00,@EMPAthy_atrophy I tested negative for benzos on 4-5 occasions despite taking lorazepam daily,,,,,0,0.2,-0.15,Negative,neutral,-1
8,162743963,1.69E+18,en,2023-08-21 00:38:04+00:00,"Can a doctor explain to me how diazepam is exactly the same as lorazepam, but lorazepam causes harm and diazepam doesn't? I can't get my head around what's happened tonight. It doesn't feel real. It can't be possible that this actually happened.",42,can  doctor explain   how diazepam  exactly  same  lorazepam but lorazepam causes harm  diazepam does not?  can not get  head around what is happened tonight  does not feel real can not  possible that  actually happened,29,,0,0.36875,0.0625,Positive,neutral,1
9,1.25E+18,1.69E+18,en,2023-08-20 23:22:01+00:00,i can‚Äôt believe I thought lorazepam was more effective than midazolam,11, can not believe  thought lorazepam  more effective  midazolam,7,,0,0.65,0.55,Positive,negative,1
10,6358292,1.69E+18,en,2023-08-20 22:06:43+00:00,It‚Äôs wrap myself in a blanket and take a lorazepam time.,11,it is wrap myself   blanket  take  lorazepam time,7,,0,0,0,Neutral,positive,0
11,162743963,1.69E+18,en,2023-08-20 21:57:31+00:00,"My stepdad came and got me. The hospital said it was my choice to leave or stay. I would've left earlier if they hadn't LIED!!!!! I'm a wreck, because of two doctors: one who lied about prescribing lorazepam and another who talked shit about lorazepam to justify refusing it.",49, stepdad came  got  hospital said choice  leave  stay  left earlier  they had not lied!!!!!  wreck because  two doctors one  lied about prescribing lorazepam  another  talked shit about lorazepam  justify refusing ,29,,0,0.433333333,-0.066666667,Negative,negative,-1
12,162743963,1.69E+18,en,2023-08-20 21:54:22+00:00,I can't believe they did that. And they're gonna say it was me! Choosing to leave! Because they lied about lorazepam to sleep!!! I'd have left earlier if I'd known. Never trust anyone ever. I so wish I'd remembered recording on my phone. They'll just lie.,,,,,0,0.25,0,Neutral,negative,0
13,1.53E+18,1.69E+18,en,2023-08-20 21:20:45+00:00,@radicallysoft Is your lorazepam in the middle of the ocean or something,12, lorazepam   middle ocean  something,4,,0,0,0,Neutral,neutral,0
14,2667329336,1.69E+18,en,2023-08-20 21:02:59+00:00, pop a lorazepam real quick,5, pop  lorazepam real quick,4,,0,0.75,0.5,Positive,positive,1
15,162743963,1.69E+18,en,2023-08-20 20:58:21+00:00,"The nurse has just been to tell me I need a blood test(!), there's no record of me having it and she said it's not possible it was done at 8pm when I said. It might've been a bit before, it took her at least half an hour to do it and that was after 7pm. And no lorazepam!",57, nurse  just been  tell  need  blood test(!)  no record  having   said  not possible  done  8pm when  said   been  bit before took least half  hour  do   after 7pm no lorazepam!,29,,0,0.641666667,-0.127083333,Negative,negative,-1
16,938642407,1.69E+18,en,2023-08-20 18:50:51+00:00,"MA: In the treatment of alcohol withdrawal syndrome, gabapentin was better than chlordiazepoxide and lorazepam (d=0.563, p&lt;0.001), and carbamazepine also outperformed oxazepam and lorazepam (d=0.376, p=0.029) in reducing CIWA-Ar scores https://t.co/fzvRtHT8fx",36,ma: treatment  alcohol withdrawal syndrome gabapentin  better than chlordiazepoxide  lorazepam d=0.563 p&lt;0.001  carbamazepine also outperformed oxazepam  lorazepam d=0.376 p=0.029 reducing ciwa-ar scores ,30,,0,0.5,0.5,Positive,positive,1
17,8.25E+17,1.69E+18,en,2023-08-20 17:40:42+00:00,"RT @_zPanda_: he was a SSRI boy, she was a lorazepam girl.",12, ssri boy   lorazepam girl,4,,1,0,0,Neutral,,0
18,1.32E+18,1.69E+18,en,2023-08-20 17:34:44+00:00,"Does anyone in the UK get clonazepam prescribed? If so why and is it by your GP? Mine will only give me lorazepam, zolpidem and nitrazepam for anxiety/sleep.
I have lots of medicall&amp;legal b.s. upcoming and am feeling anxious. Hoping to persuade the GP to put me back on klonapinüôÉ",53," anyone  uk get clonazepam prescribed   why  by  gp? mine  only give  lorazepam zolpidem  nitrazepam  anxiety sleep.
  lots  medicall legal b.s. upcoming  am feeling anxious hoping  persuade  gp  put  back  klonapinˇôÉ",32,,1,0.666666667,-0.083333333,Negative,neutral,-1
19,1.07E+18,1.69E+18,en,2023-08-20 17:04:59+00:00,Lorazepam and popsicles is on my menu today.,8,lorazepam  popsicles menu today,4,,1,0,0,Neutral,positive,0
20,1.27E+18,1.69E+18,en,2023-08-20 17:02:26+00:00,me when a panic attack hits and i have to search for my lorazepam https://t.co/bfpTqdvYim,16, when  panic attack hits search  lorazepam,6,,0,0,0,Neutral,neutral,0
21,12280,1.69E+18,en,2023-08-20 16:09:13+00:00,Gonna find the max possible dose of oxy I can still take for today because this will keep me up. Thank God I found my lorazepam during the search on shelves that injured my foot. I still hope to be able to make it to the cgh appts tomorrow. Making appts is really hard for me,56,gonna find  max possible dose  oxy  can still take  today because   keep  up thank god  found  lorazepam during  search  shelves  injured  foot  still hope  be able  make cgh appts tomorrow making appts  really hard ,33,,0,0.722222222,0.069444444,Positive,positive,1
22,1.69E+18,1.69E+18,en,2023-08-20 16:03:29+00:00,@DrMakokis i‚Äôm sorry to say this but your going to include brain injuries from poisoning our water . i would start treatment with retalin and lorazepam what would you do. every one of our people that can‚Äôt pass a sobriety test sober should be treated and removed from jail.,48,sorry say but going include brain injuries  poisoning  water start treatment retalin lorazepam what do every one people can not pass sobriety test sober should be treated  removed  jail,28,,0,0.4,-0.166666667,Negative,neutral,-1
23,1.50E+18,1.69E+18,en,2023-08-20 14:07:25+00:00,"Suspicions: stress. Does stress spike glucose? Sudafed. I had to get some a couple hours ago. Sugars in lorazepam tablets. And the Pyure brand stevia, seems this happened b4 with that brand. Well obviously I recovered from low sugar last night w/out eating a thing ü§∑ https://t.co/qFSOml8WER",46,suspicions stress  stress spike glucose sudafed    get some  couple hours ago sugars  lorazepam tablets  pyure brand stevia seems  happened before brand well obviously  recovered  low sugar last night  eating  thing ,30,,0,0.288888889,0,Neutral,neutral,0
24,1.34E+18,1.69E+18,en,2023-08-20 13:55:07+00:00,tonight is the night I start retaking lorazepam,8,tonight night  start retaking lorazepam,5,,0,0,0,Neutral,positive,0
25,1.08E+18,1.69E+18,en,2023-08-20 13:20:12+00:00,"@heelmanitoba Overcame a lorazepam addiction after being on it  to help me sleep at night for 18 years! Luckily when my doc retired I was able to get a younger doctor who helped me out.. 2 yrs to completely wean off and feel kind of normal, now it's only cannabis &amp; micro-dose mushrooms for me.",55, overcame  lorazepam addiction after being help  sleep  night  18 years luckily when  doc retired   able  get  younger doctor who helped  out 2 yrs  completely wean off  feel kind  normal now  only cannabis  micro-dose mushrooms ,33,,0,0.629761905,0.24047619,Positive,negative,1
26,2977310375,1.69E+18,en,2023-08-20 10:33:24+00:00,"@nzekiev Okay, Ooo. My head is too big but too small for it before I end up relying on Lorazepam, Olamzepin, and other antipsychotic medications.",25, okay ooo  head  too big but too small  before  end up relying  lorazepam olamzepin other antipsychotic medications,16,,0,0.34375,0.03125,Positive,positive,1
27,12280,1.69E+18,en,2023-08-20 08:15:46+00:00,"valerian; albeit not an essential eo for respi issue, but very calming for cats- and cats are always as sick as they are stressed
êå≥ in the end i found a whole lot of other things in ive been missing from my room such as my prn meds (lorazepam!) and makeup. My mom didnt think all",55,"valerian albeit not  essential respi issue but very calming  cats-  cats  always  sick  they  stressed
  end  found  whole lot  other things  been missing   room such   prn meds lorazepam!  makeup mom didnt think all",33,,0,0.39744898,-0.091326531,Negative,,-1
28,1615395432,1.69E+18,en,2023-08-20 08:11:24+00:00,@iridescent0star No I haven‚Äôt tried lorazepam before. I am going to email the pharmacist and let him know. I only just got diazepam added to my prescriptions too üò≠ I‚Äôm glad the lurasidone helps. I hate that zopiclone doesn‚Äôt work on me anymore like it used to a few years ago,50, no  tried lorazepam before  going  email  pharmacist  let  know only just got diazepam added  prescriptions too ≠  glad  lurasidone helps  hate  zopiclone doesn't work  anymore like  used few years ago,29,,0,0.75,-0.125,Negative,positive,-1
29,3631370775,1.69E+18,en,2023-08-20 07:38:07+00:00,"@iridescent0star @abodement Qu about lorazepam, you mentioned don't take it too regularly , do you mean not everyday ? I find it so helpful but worry I'm over reliant on it",29,  about lorazepam mentioned don't take  too regularly  do  mean not everyday ?  find  helpful but worry over reliant,18,,0,0.454807692,-0.070833333,Negative,positive,-1
30,1.58E+18,1.69E+18,en,2023-08-20 06:42:25+00:00,@abodement That's so frustrating! Have you tried lorazepam? Diazepam has no effect on me for some reason but lorazepam is amazing as long as you don't take it too regularly. Lurasidone (antipsychotic) also literally knocks me out so is brilliant for sleep.,42, so frustrating!  tried lorazepam? diazepam has no effect  some reason but lorazepam  amazing  long  do not take  too regularly lurasidone antipsychotic also literally knocks  out so  brilliant  sleep,28,,0,0.655384615,0.19,Positive,positive,1
31,3286149799,1.69E+18,en,2023-08-20 03:42:47+00:00,cirie babe like I‚Äôll give you one of my lorazepam if it means you‚Äôll calm tf down #bb25,18, babe like give  one lorazepam   means  calm tf down ,9,,0,0.519444444,0.072222222,Positive,positive,1
32,4225767500,1.69E+18,en,2023-08-20 03:40:45+00:00,Lorazepam Stimulates IL6 Production and Is Associated with Poor Survival Outcomes in Pancreatic Cancer - ‚Äúalprazolam (ALP) is associated with improved PFS‚Äù https://t.co/nimIEQAncc,22,lorazepam stimulates il6 production   associated  poor survival outcomes  pancreatic cancer -alprazolam (alp)  associated  improved pfs,15,,0,0.6,-0.4,Negative,negative,-1
33,1.58E+18,1.69E+18,en,2023-08-20 02:59:36+00:00,@De4dGrrrl its not honestly the only anti psychotic/anti depressant ive gained on is zyprexa/lorazepam but i was on like 3 doses 3 different times during the day so it was a weird schedule but everything else didnt have an affect on my weight if u have the will power to deny the cravings,55,  not honestly  only anti psychotic/anti depressant  gained  zyprexa lorazepam but like 3 doses 3 different times during  day  weird schedule but everything else did not   affect  weight    power  deny  cravings,30,,0,0.875,-0.2,Negative,negative,-1
34,6.95E+17,1.69E+18,en,2023-08-20 00:57:55+00:00,Me after taking lorazepam https://t.co/5zgeFs6QpN,5, after taking lorazepam ,3,,0,0,0,Neutral,neutral,0
35,9.01E+17,1.69E+18,en,2023-08-19 23:50:15+00:00,@nunya_bidness41 Looks like I hit a nerve. The only one functional in your cerebral cortex. Your Lorazepam is not working.,20, looks like  hit  nerve  only one functional   cerebral cortex  lorazepam  not working,12,,0,1,0,Neutral,negative,0
36,969060998,1.69E+18,en,2023-08-19 21:48:07+00:00,why am i like this i need a lorazepam or something,11,why  like  need  lorazepam  something,5,,0,0,0,Neutral,neutral,0
37,1.58E+18,1.69E+18,en,2023-08-19 20:57:00+00:00,"@DYork1979 ME patient here. I get tremors as well, my doctor prescribed lorazepam and it stops them within an hour. Not sure if you could get a doc to do the same? Tremors are definitely scary stuff.",37, patient here  get tremors  well  doctor prescribed lorazepam  stops them within  hour not sure   could get  doc  do  same? tremors  definitely scary stuff,23,,0,0.671296296,-0.25,Negative,positive,-1
38,1.23E+18,1.69E+18,en,2023-08-19 19:51:58+00:00,"""Conclusions: We demonstrate that lorazepam(LOR) stimulates fibrosis and inflammatory signaling, promotes desmoplasia and ischemic necrosis, and is associated with decreased pancreatic cancer patient survival.""",25,conclusions demonstrate  lorazepam stimulates fibrosis  inflammatory signaling promotes desmoplasia  ischemic necrosis  associated  decreased pancreatic cancer patient survival,18,,1,0.7,-0.4,Negative,negative,-1
39,8.71E+17,1.69E+18,en,2023-08-19 19:24:33+00:00,"@Supermansings Top runner with lorazepam, but would say lorazepam. Add in treatment of many tox cases too.",17, top runner  lorazepam but would say lorazepam add  treatment  many tox cases too,14,,0,0.5,0.5,Positive,positive,1
40,4612921212,1.69E+18,en,2023-08-19 18:54:59+00:00,First night of taking my 2mg lorazepam üòîü§òüèª let‚Äôs see how it goes‚Ä¶,12,first night  taking  2mg lorazepam let us see how  goes,9,,0,0.333333333,0.25,Positive,positive,1
41,1.53E+18,1.69E+18,en,2023-08-19 16:53:55+00:00,Like 15mg Ativan.Lorazepam &amp; 2mg | Whole bar of Xanax deep fam!!,12,like 15mg ativan lorazepam  2mg  whole bar  xanax deep fam!!,10,{'place_id': '00c5d5147c8c244d'},1,0.4,0.1,Positive,positive,1
42,375895499,1.69E+18,en,2023-08-19 16:16:57+00:00,The pre airport anxiety is too real.  Come on lorazepam work ü´∂,11, pre airport anxiety  too real  come  lorazepam work ,8,{'place_id': '5c62ffb0f0f3479d'},0,0.3,0.2,Positive,positive,1
43,1.66E+18,1.69E+18,en,2023-08-19 15:28:01+00:00,Black ‚Äòppl‚Äô don‚Äôt know the main difference between clonazepam and lorazepam to treat bipolar. They just love mixing. Clonazepam produces suicidal ideation. @UniofOxford https://t.co/WSuKd9MEsQ,24,black ppl don not know  main difference between clonazepam  lorazepam  treat bipolar just love mixing clonazepam produces suicidal ideation,18,,0,0.455555556,0.166666667,Positive,positive,1
44,1.52E+18,1.69E+18,en,2023-08-19 15:21:52+00:00,@YakkStack Best part about block being removed is will be Nili precribing herself lorazepam.,14, best part about block being removed   be nili precribing herself lorazepam,11,,0,0.3,1,Positive,positive,1
45,1.25E+18,1.69E+18,en,2023-08-19 12:19:07+00:00,"RT @CherryMorrello: there is a rehab pathway in place, but they'd probably rule you out because you're too far gone leaves you a little pis‚Ä¶",25,  there   rehab pathway  place but they would probably rule  out because you are too far gone leaves   little pis,17,,2,0.75,-0.04375,Negative,negative,-1
46,1.52E+18,1.69E+18,en,2023-08-19 11:52:49+00:00,"@JacquiDeevoy1 I‚Äôve been saying this in the United States as a nurse. I have not heard of Midazolam used yet, glad I hear the name now, but give grandma who never took an aspirin lorazepam, morphine and Haldol‚Ä¶ stops eating, drinking and breathing!üíÄ‚ò†Ô∏èüíÄ‚ò†Ô∏èfamilies typically don‚Äôt question‚Ä¶ https://t.co/jj7byNkYzH",48,  been saying  united states nurse  not heard  midazolam used yet glad  hear  name now but give grandma who never took  aspirin lorazepam morphine   stops eating drinking  breathing!families typically don not question,32,,0,0.75,0.166666667,Positive,negative,1
47,20718828,1.69E+18,en,2023-08-19 11:39:04+00:00,I'm calmer today. Yesterday I had taken quite a few lorazepam which weren't calming me down at all. I just want to clear a couple of things up. I stand by my statement that the Dr didn't like me. You know sometimes you get a vibe off someone that you aren't their type of person,55, calmer today yesterday   taken quite  few lorazepam which were not calming  down  all  just want  clear  couple  things up  stand by  statement   dr did not like me  know sometimes  get  vibe off someone   are not their type  person,35,,11,0.257407407,-0.085185185,Negative,negative,-1
48,1.45E+18,1.69E+18,en,2023-08-19 11:27:39+00:00,@efrenchm1 Go with PD and Lorazepam for the radiologist. The risk / benefit ratio speaks against putting in a central  line to do a procedure for which the benefit is not proven. Choose the right Gadolinium though.,37, go  pd  lorazepam radiologist  risk  benefit ratio speaks against putting central  line  do  procedure  which  benefit  not proven choose  right gadolinium though,33,,0,0.392857143,0.142857143,Positive,neutral,1
49,42942856,1.69E+18,en,2023-08-19 09:18:33+00:00,RT @CherryMorrello: make some of the decisions for once.  I was so stressed today I was all over the place. I couldn't get settled. I'd had‚Ä¶,26, make some decisions  once  so stressed today all over  place could not get settled had,14,,2,0,0,Neutral,negative,0
50,8.66E+17,1.69E+18,en,2023-08-19 09:09:54+00:00,menyesai tinggal lorazepam kat rumah sewa i haven‚Äôt sleep for like 2 days I NEED SLEEP BUT SLEEP DOESN‚ÄôT NEED ME,13,i have not sleep for like 2 days i need sleep but sleep does not need me,16,,0,0,0,Neutral,negative,0
51,1.48E+18,1.69E+18,en,2023-08-19 05:45:46+00:00,"@LeilaniDowding @janegue85750421 And small doses of Lorazepam in the elderly can't cause adverse reactions, just bad behaviour, add more drugs!",20, small doses  lorazepam elderly can not cause adverse reactions just bad behaviour add more drugs!,14,,0,0.522222222,-0.108333333,Negative,negative,-1
52,881433840,1.69E+18,en,2023-08-19 05:25:37+00:00, They did tests &amp; decided it was anxiety even though the racing heart was odd because I was so relaxed at the time. Anyway whatever it was seems to have gone now so I'm happy to get on with my day such as it is. They offered me lorazepam. I told them I prefer panadol if it returns,57,  did tests & decided  anxiety even though  racing heart  odd because  so relaxed time anyway whatever  seems  have gone now so happy  get    day such  offered  lorazepam.  told prefer panadol returns,30,,0,0.583333333,0.211111111,Positive,negative,1
53,59132952,1.69E+18,en,2023-08-19 04:53:13+00:00,I need Lorazepam‚Ä¶,3, need lorazepam,2,,0,0,0,Neutral,positive,0
54,1.51E+18,1.69E+18,en,2023-08-19 03:41:52+00:00,"Benzos warning: Lorazepam treatments may make things worse for pancreatic cancer patients
https://t.co/YeMyV9GEPM",13,benzos warning: lorazepam treatments may make things worse for pancreatic cancer patients,11,,0,0.6,-0.4,Negative,negative,-1
55,1.49E+18,1.69E+18,en,2023-08-19 03:04:49+00:00,"@RekietaLaw Buttchugging everclear while freebasing lorazepam‚Ä¶ omfg üòÇüòÇ

Need to figure out how to work that into closing argument in my next DWI trial while talking about the defendant‚Äôs slurred speech.",30,buttchugging everclear while freebasing lorazepam omfg need  figure out how  work that into closing argument next dwi trial while talking about  defendant is slurred speech,24,,0,0,0,Neutral,positive,0
56,328850777,1.69E+18,en,2023-08-19 02:43:44+00:00,"@enodamade Slept under this back in the days at Unity School. I haven't seen this in about 1.5 decades. I will need lorazepam to sleep under it now, I am so claustrophobic.",32, slept under  back  days  unity school haven't seen about 1.5 decades will need lorazepam  sleep under  now  so claustrophobic,19,,0,0.375,-0.375,Negative,positive,-1
57,1.28E+18,1.69E+18,en,2023-08-19 01:52:14+00:00,"@zenbrainest @GpcReid @superkash @mike_feigin @grimmrad @HPolymenis @MPishvaian Wasn't lorazepam the original hit for GPR68 in our paper?

https://t.co/D0vp6aihGh",8,was not lorazepam  original hit  gpr68 paper?,7,,0,0.75,0.375,Positive,,1
58,1.51E+18,1.69E+18,en,2023-08-19 00:35:02+00:00,I hang up on delusional people. I‚Äôm not about to raise my blood pressure dealing with mfs who need Lorazepam,20, hang up  delusional people i am  about  raise  blood pressure dealing  mfs who need lorazepam,14,,0,0,0,Neutral,negative,0
59,7.54E+17,1.69E+18,en,2023-08-18 22:26:41+00:00,Me after 2mg of lorazepam https://t.co/GJyhyzI11H,6, after 2mg  lorazepam ,3,,0,0,0,Neutral,neutral,0
60,1.02E+18,1.69E+18,en,2023-08-18 22:26:27+00:00,"@OsmosisReads I've never used Ambien, but I have taken lorazepam as needed on numerous occasions and had good experiences with it",21, i have never used ambien but have taken lorazepam as needed  numerous occasions good experiences ,,,0,0.55,0.35,Positive,positive,1
61,2166933879,1.69E+18,en,2023-08-18 22:06:52+00:00,@GpcReid @superkash @mike_feigin @grimmrad @HPolymenis @MPishvaian Clonazepam was my go to for anxiety‚Äînice pk and no active metabolites.  Lorazepam good for occasional use. Neither has much activity at gpr68 as I recall,33,clonazepam go  anxiety nice pk  no active metabolites  lorazepam good  occasional use neither has much activity  gpr68 as  recall,19,,0,0.38125,0.241666667,Positive,positive,1
62,2497852175,1.69E+18,en,2023-08-18 20:04:29+00:00,"RT @AACR: The benzodiazepine lorazepam, but not its close cousin alprazolam, may be linked to shorter survival among patients with #Pancrea‚Ä¶",21,benzodiazepine lorazepam but not its close cousin alprazolam may be linked  shorter survival among patients ,15,,5,0,0,Neutral,negative,0
63,1.53E+18,1.69E+18,en,2023-08-18 19:46:24+00:00,"On 12 benadryl , 2mg of Klonopin/Clonzepam. , 2mg of Xanax&amp; 1mg of Ativan/Lorazepam so far 2day!!!",15, 12 benadryl  2mg  klonopin clonzepam  2mg  xanax & 1mg  ativan lorazepam so far 2day!!!,13,{'place_id': '00c5d5147c8c244d'},1,1,0.1953125,Positive,positive,1
64,20718828,1.69E+18,en,2023-08-18 19:11:58+00:00,"there is a rehab pathway in place, but they'd probably rule you out because you're too far gone leaves you a little pissed off,to say the leased. I'd bee  struggling to settle all day. Like I say I took too many lorazepam, but I was lying g back in bed talking to myself earlier.",54, rehab pathway  place but they would probably rule  out because you are too far gone leaves little pissed off  say  leased. i would bee  struggling  settle all day. like  say  took too many lorazepam but lying  back  bed talking  myself earlier,38,,2,0.5,0.0825,Positive,negative,1
65,20718828,1.69E+18,en,2023-08-18 19:11:57+00:00,make some of the decisions for once.  I was so stressed today I was all over the place. I couldn't get settled. I'd had 5 lorazepam and they weren't working. When I asked if they would take me back Into the unit the PN said the doctor in charge of the ward had said no. I knew,56,make some  decisions  once  so stressed today  all over  place  could not get settled i would had 5 lorazepam  were not working when  asked   would take me back into  unit  pn said  doctor  charge ward had said no knew,36,,2,0,0,Neutral,negative,0
66,788366755,1.69E+18,en,2023-08-18 17:59:02+00:00,@jesuslasupajew @dklmarxist Kamala off a lorazepam giving the most insane dome while trying to sing wheels on the bus,19, kamala off  lorazepam giving  most insane dome while trying  sing wheels bus,12,,0,0.75,-0.25,Negative,,-1
67,1.57E+18,1.69E+18,en,2023-08-18 17:08:56+00:00,The ER only gave Funny Bear 1mg of lorazepam last night; that was marginally helpful; normally Funny Bear receives 2-3 mg per day after claiming drug or alcohol abuse üôâ,29, er only gave funny bear 1mg  lorazepam last night marginally helpful normally funny bear receives 2-3 mg per day after claiming drug  alcohol abuse,24,,0,0.766666667,0.125,Positive,positive,1
68,9.95E+17,1.69E+18,en,2023-08-18 17:06:57+00:00,dear @elonmusk please stop making decisions while buzzed on lorazepam  (or whatever you are on nowadays),16,dear please stop making decisions while buzzed  lorazepam whatever  nowadays,10,,0,0,0,Neutral,neutral,0
69,1.23E+18,1.69E+18,en,2023-08-18 17:01:08+00:00,i need lorazepam,3,need lorazepam,2,,0,0,0,Neutral,neutral,0
70,115007909,1.69E+18,en,2023-08-18 16:55:51+00:00,"he was a SSRI boy, she was a lorazepam girl.",10,ssri boy lorazepam girl,4,,1,0,0,Neutral,neutral,0
71,2676025951,1.69E+18,en,2023-08-18 16:52:23+00:00,"Lorazepam Use Linked to Shorter PFS, OS in Several Cancers https://t.co/qyE8SWEUMo",11,lorazepam use linked  shorter pfs os  several cancers,8,,0,0,0,Neutral,neutral,0
72,9.90E+17,1.69E+18,en,2023-08-18 16:46:36+00:00,"@MikeSington Examples of benzodiazepines include sedatives, such as diazepam (Valium), alprazolam (Xanax, Niravam), lorazepam (Ativan), clonazepam (Klonopin) and chlordiazepoxide (Librium). Signs and symptoms of recent use can include: Drowsiness. Slurred speech.",31,examples  benzodiazepines include sedatives such as diazepam valium alprazolam xanax niravam lorazepam ativan clonazepam klonopin  chlordiazepoxide librium signs  symptoms  recent use can include drowsiness slurred speech,26,,0,0.375,0,Neutral,neutral,0
73,28435437,1.69E+18,en,2023-08-18 15:23:58+00:00," Prescribed lorazepam during April 2020. Gee - I wonder what was happening at the time...All I got was diarrhea (one of the many side effects). No effect on depression at all (gee, I wonder why? Could it have been ""environmental"" factors??) Stopped after 3 weeks. Glad I did.",44,prescribed lorazepam during april 2020 gee wonder what  happening  time all  got  diarrhea one many side effects no effect  depression  all gee wonder why could  have been environmental factors stopped after 3 weeks glad did,35,,0,0.75,0.5,Positive,positive,1
74,628136279,1.69E+18,en,2023-08-18 14:45:56+00:00,"Recovering from #Benzos is possible, some people are more scare of the thought of tapering, than the taper itself. You have to commit, have support and together we can do this.
#benzos #diazepam #zopiclone #xanax #painkillers #lorazepam https://t.co/nvskZVBh0s",38,recovering  benzos  possible some people  more scare  thought  tapering  taper itself have commit have support  together  can do #benzos #diazepam #zopiclone #xanax #painkillers #lorazepam,24,,0,0.75,0.25,Positive,positive,1
75,9.49E+17,1.69E+18,en,2023-08-18 14:35:55+00:00,@Aiims1742 @CCR_AACR @abby_cornwell_ @mike_feigin @RoswellPark I could not find - what is the criteria to be included in the ‚Äúlorazepam‚Äù category. Was it a prescription?  Or any amount given? (my husband w/ melanoma was given a dose yesterday in the ER and now I‚Äôm like ü§¶‚Äç‚ôÄÔ∏è),48,could not find  criteria  be included lorazepam category prescription   any amount given  husband without melanoma  given  dose yesterday er  now i'm like,22,,0,0,0,Neutral,neutral,0
76,1.13E+18,1.69E+18,en,2023-08-18 13:34:33+00:00,@HPolymenis @Aiims1742 @CCR_AACR @mike_feigin @RoswellPark A GPR68 inhibitor prescribed with lorazepam would be a good idea. Just need someone to make one and get it through clinical trials!,28,gpr68 inhibitor prescribed  lorazepam would be  good idea just need someone  make one  get  through clinical trials!,17,,0,0.6,0.875,Positive,positive,1
77,1357974668,1.69E+18,en,2023-08-18 12:11:12+00:00,"RT @ChildrensHD: ‚ÄúGrace was getting the maximum allowable dose of Precedex, two doses of lorazepam, and morphine, which nobody could have s‚Ä¶",21,grace was getting  maximum allowable dose  precedex two doses  lorazepam morphine which nobody could have,15,,468,0,0,Neutral,neutral,0
78,1921351022,1.69E+18,en,2023-08-18 11:44:52+00:00,@trewvs Are you Ok ? its the drugs they have forced you to take that cause suicidal thoughts - the Lorazepam is a sedative but causes suicidal thoughts the staff know all these are listed under (side) effects but give people too many drugs its actually illegal but they all ignore the Law‚Ä¶ https://t.co/lr9FahMjKO,52,ok ? drugs  have forced take that cause suicidal thoughts  lorazepam sedative but causes suicidal thoughts  staff know all  listed under side effects but give people too many drugs  actually illegal but they all ignore  law,35,,0,0.425,0.05,Positive,negative,1
79,1.65E+18,1.69E+18,en,2023-08-18 11:40:36+00:00,"Patients with pancreatic cancer who took the benzodiazepine lorazepam (Ativan) may face regulatory risks for Natera, Inc. $NTRA - AACR #pharma #stockmarket #healthsciences",22,patients  pancreatic cancer who took  benzodiazepine lorazepam ativan  face regulatory risks  natera inc $ntra  aacr #pharma #stockmarket #healthsciences,18,,0,0,0,Neutral,negative,0
80,2776396662,1.69E+18,en,2023-08-18 10:32:08+00:00,"According to a recent study, #PancreaticCancer #patients who took lorazepam had shorter progression-free survival compared to those who did not.
@htTweets 
https://t.co/nLH8tsK8zX",23,"according recent study, #pancreaticcancer #patients who took lorazepam had shorter progression-free survival compared to those who did not.",17,,0,0.25,0,Neutral,negative,0
81,881433840,1.69E+18,en,2023-08-18 10:20:55+00:00,@QuestioningJenn I might also point out I did take Lorazepam the first two nights I was stuck in ED due to the 1st anti-psychotic keeping me awake &amp; the noise in the emergency ward &amp; it was the side effects of that that turned me off them.,45,might also point out  did take lorazepam  first two nights stuck  ed due 1st anti-psychotic keeping  awake noise  emergency ward side effects  that that turned  off them,27,,0,0.354166667,0.0625,Positive,negative,1
82,1.45E+18,1.69E+18,en,2023-08-18 08:41:29+00:00,@lol1swat 1¬†mg of lorazepam,5, 1†mg  lorazepam,3,,0,0,0,Neutral,neutral,0
83,1.58E+18,1.69E+18,en,2023-08-18 08:08:29+00:00,@TraumaPhDandMe ...just me being rubbish but now I think it was the propranolol. Will definitely wait till after the runs to take it which is frustrating because of the anxiety but I think it's safer. Might take lorazepam before the run instead but I don't like taking that every day :/ 2/2,50,just  being rubbish but now  think  propranolol definitely wait till after  runs  take  which  frustrating because  anxiety but  think it is safer might take lorazepam before  run instead but  don not like taking that every day,34,,0,0.8,-0.216666667,Negative,,-1
84,1930252602,1.69E+18,en,2023-08-18 06:15:04+00:00,"Patients with pancreatic cancer who took the benzodiazepine lorazepam, commonly used to treat anxiety during cancer treatment https://t.co/57p8sU8fZe",18,patients pancreatic cancer who took  benzodiazepine lorazepam commonly used  treat anxiety during cancer treatment,14,,0,0.5,-0.3,Negative,neutral,-1
85,3365119871,1.69E+18,en,2023-08-18 05:25:58+00:00,@MistressGambit I apologise. I kinda went off but I wouldn‚Äôt want to offend anyone but I had to take a lorazepam last night because I was so wound up &amp; anxious lol. I can giggle about it now but that tiny clip really effed me up. That‚Äôs very cool how you fell into it! Misophonia sucks majorly.,56,apologise kinda went off but  would not want  offend anyone but  had  take  lorazepam last night because  so wound up  anxious lol  can giggle about  now but that tiny clip really effed  up that is very cool how fell into misophonia sucks majorly,43,,0,0.513958333,0.13515625,Positive,positive,1
86,1.67E+18,1.69E+18,en,2023-08-18 05:15:36+00:00,@DiegoSwenn77115 @needah1t @Runestone166525 @DesertedScope I dont do mdma tho im speaking drugs as in medicine isk what the pink poll was i think it‚Äôs like lexapro or lorazepam but gay because it‚Äôs pink so im gay now,35,dont do mdma tho im speaking drugs medicine isk what  pink poll was  think it is like lexapro  lorazepam but gay because it is pink so im gay now,25,,0,0.441666667,0.158333333,Positive,positive,1
87,1.52E+18,1.69E+18,en,2023-08-18 04:55:28+00:00,"8. Warfarin
This particular drug can cause birth defects and should only be used when benefits outweighs the risks.

9. Lorazepam
This particular drug is used for treating anxiety or other mental disorders. It can lead to withdrawal symptoms and birth defects on the baby.",43,"warfarin
 particular drug can cause birth defects  should only be used when benefits outweighs  risks

lorazepam
 particular drug  used  treating anxiety  other mental disorders  can lead  withdrawal symptoms  birth defects baby",31,,0,0.448333333,0.021666667,Positive,,1
88,1.67E+18,1.69E+18,en,2023-08-18 04:40:20+00:00,"Anxiety sucks ass. All these medications as well. Cymbalta, Zyprexa, lorazepam. Just hope it works. Seems too be so far but the long run will tell. All new to me so just gonna roll with it an do what I gotta do.",42,anxiety sucks ass all  medications as well cymbalta zyprexa lorazepam just hope works seems too  so far but  long run will tell all new  so just gonna roll    do what  gotta do,32,,0,0.538636364,-0.028409091,Negative,negative,-1
89,1.10E+18,1.69E+18,en,2023-08-18 04:18:10+00:00,@BillboardChris I've witnessed a close family member on anti depressants including Zoloft and Lorazepam (Ativan). The mood swings were extreme and lead to multiple suicide attempts. This person eventually came out as transgender.,33, i've witnessed  close family member  anti depressants including zoloft  lorazepam ativan  mood swings  extreme  lead  multiple suicide attempts  person eventually came out as transgender,24,,0,0.5,-0.0625,Negative,negative,-1
90,924948169,1.69E+18,en,2023-08-18 03:38:57+00:00,I wanna buy Lorazepam on the black market. Someone show me,11, wanna buy lorazepam black market someone show,7,,0,0.433333333,-0.166666667,Negative,neutral,-1
91,1.46E+18,1.69E+18,en,2023-08-18 00:08:09+00:00,"RT @AACR: The benzodiazepine lorazepam, but not its close cousin alprazolam, may be linked to shorter survival among patients with #Pancrea‚Ä¶",21, benzodiazepine lorazepam but not its close cousin alprazolam may be linked  shorter survival among patients ,16,,5,0,0,Neutral,negative,0
92,1.49E+18,1.69E+18,en,2023-08-17 23:57:56+00:00,@scoutyuna we love lorazepam,4, we love lorazepam,3,,0,0.6,0.5,Positive,positive,1
93,9.46E+17,1.69E+18,en,2023-08-17 23:16:36+00:00,"Art of the Day: ""Lorazepam"". Buy at: https://t.co/1pINl9ZOeN https://t.co/9wQxqYPWes",8,art day lorazepam buy ,4,,0,0,0,Neutral,positive,0
94,8.15E+17,1.69E+18,en,2023-08-17 23:04:27+00:00,ho trynna k!ll herself with lorazepam,6,ho trynna k!ll herself  lorazepam,5,,0,0,0,Neutral,negative,0
95,9.82E+17,1.69E+18,en,2023-08-17 22:47:53+00:00,"Because I happen to know giving double diazepemes is weird already, it is not clinically correct, lorazepam and diazepam all day every day together with forced antipscyhotics.",27,because  happen  know giving double diazepemes  weird already   not clinically correct lorazepam  diazepam all day every day together  forced antipscyhotics,20,,0,0.4,-0.266666667,Negative,positive,-1
96,2889732793,1.69E+18,en,2023-08-17 22:30:02+00:00,"After some research , I discovered that low-dose lorazepam had a paradoxical alerting effect, which I took advantage of when advisng my partner‚Äôs doctor - of course the doctor received the credit for the subsequent rapid improvement that obviated her  return to a locked ward. https://t.co/3Cw8ny79n4",44,after some research  discovered that low-dose lorazepam had  paradoxical alerting effect which  took advantage  when advisng  partner's doctor  doctor received  credit subsequent rapid improvement that obviated her  return locked ward,31,,1,0.05,0,Neutral,positive,0
97,143132365,1.69E+18,en,2023-08-17 20:17:57+00:00,"For over two years as a EMS logistics technician he was able to steal over 300 vials of fentanyl, hydromorphone, morphine and lorazepam for his own personal use from his employer, Manatee County Emergency Medical Services.
https://t.co/stHgX3kGk8",37," over two years as  ems logistics technician   able  steal over 300 vials  fentanyl hydromorphone morphine  lorazepam   own personal use   employer manatee county emergency medical services.
",25,,2,0.48125,0.275,Positive,positive,1
98,18277188,1.69E+18,en,2023-08-17 18:41:52+00:00,"@VeganTitties Propranolol works on anxiety symptoms like increased heart rate, sweating and shaking. It has the potential to make depression worse, though. I think benzos are *under*used, but what do I know, I'm just an RPh who's used lorazepam safely for about 20 years.",45, propranolol works  anxiety symptoms like increased heart rate sweating  shaking  has  potential  make depression worse though  think benzos  under used but what do  know i am just  rph who is used lorazepam safely about 20 years,34,,0,0.7,0.033333333,Positive,positive,1
99,3567774082,1.69E+18,en,2023-08-17 17:33:32+00:00,@punkspaceship They are so addictive but they are SO good at their job. Mr D takes lorazepam daily (very low dose) and its changed his life.,26,they so addictive but they  so good  job d takes lorazepam daily very low dose  its changed  life,18,,0,0.4725,0.175,Positive,positive,1
100,1.50E+18,1.69E+18,en,2023-08-17 16:48:58+00:00,"RT @trewvs: To deal with the noise, Ive taken promezethine &amp; lorazepam. Hopefully knocking myself out will help.

They've moved someone har‚Ä¶",21,deal noise ive taken promezethine lorazepam  hopefully knocking myself out will help they have moved someone,15,,1,0,0,Neutral,positive,0
101,14617444,1.69E+18,en,2023-08-17 16:23:32+00:00,"The benzodiazepine lorazepam, but not its close cousin alprazolam, may be linked to shorter survival among patients with #PancreaticCancer, according to a study published in @CCR_AACR. Learn more: https://t.co/tvs0b99DtI https://t.co/MA7SesFDnW",30,benzodiazepine lorazepam but not its close cousin alprazolam may be linked  shorter survival among patients  #pancreaticcancer according study published  learn more,21,,5,0.5,0.5,Positive,positive,1
102,1008888613,1.69E+18,en,2023-08-17 16:04:24+00:00,@Marlowe_Tessmer @abby_cornwell_ @mike_feigin @RoswellPark @CCR_AACR Very interesting.  Lorazepam was the drug of choice for patients with anxiety and anticipatory nausea-vomiting.  It seems that we need to be careful when choosing anxiolytics.,31, very interesting  lorazepam drug  choice  patients with anxiety  anticipatory nausea-vomiting   seems that  need  be careful when choosing anxiolytics,18,,0,0.825,0.275,Positive,positive,1
103,1.64E+18,1.69E+18,en,2023-08-17 15:26:30+00:00,Lorazepam's positive allosteric modulation of GPR68 associated with worse outcomes in multiple cancers https://t.co/4ikas6t871,14,lorazepam positive allosteric modulation gpr68 associated with worse outcomes  multiple cancers,11,,0,0.381818182,-0.057575758,Negative,negative,-1
104,8.19E+17,1.69E+18,en,2023-08-17 15:16:07+00:00,Lorazepam treatment &amp; poor pancreatic cancer outcomes @abby_cornwell_ @mike_feigin @RoswellPark @CCR_AACR https://t.co/70iezn7K2R,11,lorazepam treatment  poor pancreatic cancer outcomes ,6,,3,0.6,-0.4,Negative,negative,-1
105,1.58E+18,1.69E+18,en,2023-08-17 14:54:32+00:00,@abodement I can- lurasidone really helps my paranoia even though I still experience suicidal ideation. Propranolol and lorazepam help my anxiety and zopiclone helps with sleep. Vortioxetine stops my mood crashing really low. Tbh I don't think pregabalin does much! They all help in... 1/,44,can- lurasidone really helps  paranoia even though  still experience suicidal ideation propranolol lorazepam help  anxiety zopiclone helps with sleep vortioxetine stops mood crashing really low  don not think pregabalin does much!  all help,32,,0,0.233333333,0.15,Positive,positive,1
106,166816694,1.69E+18,en,2023-08-17 14:36:16+00:00,"An incredibly important &amp; perfectly timed study in @CCR_AACR from the very newly minted Dr. @abby_cornwell_ &amp; @mike_feigin @RoswellPark 
Lorazepam Stimulates IL6 Production and Is Associated with Poor Survival Outcomes in #PancreaticCancer
https://t.co/lxe4OpusPB
With cameos by‚Ä¶ https://t.co/hEXMeA0XiB https://t.co/qjYIwkuwbE",36,incredibly important perfectly timed study from  very newly minted lorazepam stimulates il6 production  associated  poor survival outcomes  #pancreaticcancer with cameos by,22,,58,0.797727273,0.294318182,Positive,positive,1
107,376000718,1.69E+18,en,2023-08-17 14:27:21+00:00,@Jets_BombersFan My dentist has Netflix and gives Lorazepam ü§£. I‚Äôd asked for a few margaritas but he wasn‚Äôt willing to comply‚Ä¶.,20,dentist has netflix  gives lorazepam  i would asked  few margaritas but  was not willing  comply,13,,0,0.425,0.025,Positive,positive,1
108,1.50E+18,1.69E+18,en,2023-08-17 14:26:07+00:00,more than I've managed this consistently in YEARS even while on depakote (I still take lorazepam). So why would it matter if it seems to be a moving target in terms of time? I'm getting the sleep I need. That's all that matters.,43,more than i have managed consistently years even depakote still take lorazepam so why would  matterseems moving target  terms  time? i am getting  sleep  need that is all that matters,28,,0,0.375,0.375,Positive,positive,1
109,9.17E+17,1.69E+18,en,2023-08-17 13:55:46+00:00,"@LunaEmpath89 I‚Äôve been on it for 27 years! 
It doesn‚Äôt do anything, but they can‚Äôt take me off of it because of the withdraws . I took Xanax when my mom died for about a month, then I took lorazepam. It wasn‚Äôt working as well. I know I‚Äôve been on Klonopin.",50,i've been 27 years! does not do anything but  can not take  off because  withdraws took xanax when  mom died  about  month then  took lorazepam wasn't working  well  know i have been  klonopin,30,{'place_id': '7cb7440bcf83d464'},0,0,0,Neutral,positive,0
110,79879197,1.69E+18,en,2023-08-17 13:01:11+00:00,"@SarasCrazyLife @davenewworld_2 The tests are ridiculous. I tested positive for THC when occasionally taking CBD oil, but negative for benzos multiple times when I was taking lorazepam 2-3 times a day.",31,tests ridiculous tested positive thc when occasionally taking cbd oil but negative benzos multiple times when taking lorazepam 2-3 times  day,21,,0,0.414090909,-0.081212121,Negative,neutral,-1
111,1.22E+18,1.69E+18,en,2023-08-17 12:12:25+00:00,"@spillthev .5mg of lorazepam is so weak, many consider it a ""placebo"" dosage.

Signed,

A benzo patient of 15 years",20,5mg  lorazepam so weak many consider  placebo dosage signed benzo patient  15 years,13,,0,0.5625,0.0625,Positive,negative,1
112,52182501,1.69E+18,en,2023-08-17 09:50:52+00:00,Oh I also took a lorazepam before going through security so I am thriving,14,took lorazepam before going through security so thriving,8,,0,0,0,Neutral,positive,0
113,2899085118,1.69E+18,en,2023-08-17 09:33:06+00:00,I've been prescribed Ativan (Lorazepam) to help with my panic attacks. Only 0.5mg. I'm a little anxious to take it (the irony of this is not lost on me haha). Anyone had experience with this? Will I be okay???,39,i've been prescribed ativan lorazepam  help panic attacks only 0.5mg. i am  little anxious  take irony   not lost haha anyone had experience will okay???,23,,0,0.66,0.0525,Positive,positive,1
114,4452494359,1.69E+18,en,2023-08-17 09:12:34+00:00,"@Similar89 @AnthroBlogger @WHO @pahowho @PAHOCaribbean @OPSOMSMexico @WHOWPRO @WHOAFRO @WHOPhilippines @WHOSEARO @WHO_Europe @WHOEMRO @WHOPakistan @WHOIndonesia @WHOMalaysia @WHOSriLanka In addition to zolpidem (Ambien), eszopiclone (Lunesta), clonazepam (Klonopin), lorazepam (Ativan), ropinirole (Requip), and some seizure medications.",33, addition  zolpidem ambien eszopiclone lunesta clonazepam klonopin lorazepam ativan ropinirole requip  some seizure medications,14,,0,0,0,Neutral,,0
115,8.71E+17,1.69E+18,en,2023-08-17 06:51:36+00:00,Decided not to take on of the  lacosamide epilepsy med pill. Usually take 2 So far all is good and vision is clear. Will take a lorazepam before sleep as it's suppose to stop/ prevent all seizures for 7 hours.,40,decided not take lacosamide epilepsy med pill usually take 2 so far all good  vision  clear take  lorazepam before sleep as it is suppose  stop prevent all seizures 7 hours,29,,0,0.446666667,0.12,Positive,positive,1
116,1.44E+18,1.69E+18,en,2023-08-17 06:37:25+00:00,nothing hotter than a healthy 32 year old man screaming for a tylenol ever 5 minutes after he got lorazepam already üòçüòçüòçüòç,21,nothing hotter than healthy 32 year old man screaming tylenol ever 5 minutes after got lorazepam alreadyç,16,,0,0.35,0.3,Positive,positive,1
117,1.65E+18,1.69E+18,en,2023-08-17 06:34:18+00:00,Benzodiazepine Effects on Pancreatic Cancer Outcomes: Lorazepam Linked to Worse Surviva https://t.co/PpdmCRGsNw #PancreaticCancer #BenzodiazepineEffects #Lorazepam #Alprazolam #CancerOutcomes #TumorMicroenvironment #ProgressionFreeSurvival #ClinicalResearch,19,benzodiazepine effects pancreatic cancer outcomes lorazepam linked worse survival,9,,0,0.6,-0.4,Negative,negative,-1
118,4276555281,1.69E+18,en,2023-08-17 06:05:07+00:00,@medical_xpress my aunt died in 8 months. her mother died in 8 months. lorazepam or  not,16, aunt died  8 monthsmother died  8 months lorazepam not,10,,0,0,0,Neutral,negative,0
119,287568380,1.69E+18,en,2023-08-17 06:02:19+00:00,#Lorazepam treatment may be linked to worse outcomes for #pancreaticcancer patients https://t.co/xTa8b4C6SU https://t.co/QcBvHMGUkk,13,#lorazepam treatment may be linked worse outcomes patients,8,,6,0.6,-0.4,Negative,negative,-1
120,1.35E+18,1.69E+18,en,2023-08-17 04:39:37+00:00,Rosanna Lockwood needs to take her Lorazepam. https://t.co/EnfWAvAKK0,8,rosanna lockwood needs take lorazepam,5,,0,0,0,Neutral,neutral,0
121,228010353,1.69E+18,en,2023-08-17 04:25:46+00:00,Lorazepam treatment may be linked to worse outcomes for pancreatic cancer patients Credit: Unsplash/CC0 Public Domain Patients with pancreatic cancer who took the benzodi... https://t.co/ENMIib9PEo,28,lorazepam treatment may be linked worse outcomes pancreatic cancer patients credit unsplash cc0 public domain patients pancreatic cancer who took  benzodi,23,,0,0.333333333,-0.2,Negative,negative,-1
122,186668441,1.69E+18,en,2023-08-16 23:13:42+00:00,"@KarenHahn617691 at least 10 lorazepam, I say ten because I remember taking to sets of 5, however, while looking at the bottle. its empty now. I must of take the rest during my black out.",35,at least 10 lorazepam say ten because remember taking sets  5 however looking bottle its empty now must take rest during black out,43,,0,0.333333333,-0.141666667,Negative,negative,-1
123,501526962,1.69E+18,en,2023-08-16 22:28:15+00:00,Killers solemn collection anonymous Haryana dominion lorazepam Kabul cantonal socialist binomial nomination Danilo Saigon devilish conflation cloak analogy Anomaly decolonization canonical nominal humility binomial,24,killers solemn collection anonymous haryana dominion lorazepam kabul cantonal socialist binomial nomination danilo saigon devilish conflation cloak analogy anomaly decolonization canonical nominal humility binomial,24,,0,0,0,Neutral,,0
124,476076770,1.69E+18,en,2023-08-16 22:20:04+00:00,Please be careful with the lorazepam https://t.co/YzRln5KXEv,7,please be careful lorazepam,4,,0,1,-0.1,Negative,negative,-1
125,186668441,1.69E+18,en,2023-08-16 20:13:43+00:00,Word of advice: Under no circumstances are you ever to take 10+ lorazepam's and a package of Pico-Salax,18,word advice under no circumstances ever take 10+ lorazepam package pico-salax,11,,1,0,0,Neutral,neutral,0
126,1.36E+18,1.69E+18,en,2023-08-16 19:36:30+00:00,@Ramyisback It‚Äôs been 18 months. I have to take 12mg of lorazepam for it to even work. My CNS refuses to shut tf up,24,it's been 18 months have take 12mg lorazepam even work cns refuses shut tf up,15,,0,0,0,Neutral,neutral,0
127,7.93E+17,1.69E+18,en,2023-08-16 17:33:52+00:00,"To deal with the noise, Ive taken promezethine &amp; lorazepam. Hopefully knocking myself out will help. They've moved someone hard of hearing into room next to mine who plays extremely loud music. I've asked again to move ward. #TEWVElm",38,deal noise ive taken promezethine lorazepam hopefully knocking myself out will help they have moved someone hard hearing into room next who plays extremely loud music.  i have asked again move ward,30,,1,0.447222222,-0.063888889,Negative,positive,-1
128,1.67E+18,1.69E+18,en,2023-08-16 16:44:24+00:00,Yesterday was not a good day. On 1:1 and jabbed in the ass with lorazepam. Flashbacks turn me wild.,19,yesterday not good day 1:1 jabbed ass lorazepam flashbacks turn wild,11,,0,0.5,-0.125,Negative,negative,-1
129,476076770,1.69E+18,en,2023-08-16 15:45:09+00:00,Lorazepam used in stroke patients along with libruim https://t.co/bPqmF4DVjl,9,lorazepam used stroke patients along libruim,6,,0,0,0,Neutral,neutral,0
130,1.28E+18,1.69E+18,en,2023-08-16 14:53:00+00:00,@TomCase147 It‚Äôs all good. I‚Äôm very open about it. I take Zoloft daily which worked wonders for me. I use lorazepam as needed for panic.,25, it is all good i am very open about  take zoloft daily which worked wonders use lorazepam needed panic,17,,0,0.416666667,0.233333333,Positive,positive,1
131,1.23E+18,1.69E+18,en,2023-08-16 12:49:48+00:00,"I‚Äôm not ready for more cancer friends, honestly not sure if I can handle it while tapering off lorazepam and everything else.",22,i'm not ready more cancer friends honestly not sure can handle while tapering off lorazepam everything else,17,,0,0.62962963,0.05,Positive,positive,1
132,1940186772,1.69E+18,en,2023-08-16 11:13:01+00:00," @Dep_ow anxiety- depression axis benzyl 1, alprazolam 2, lorazepam. hail the lord! https://t.co/UbQIgTF2Ib",12, depression axis benzyl 1 alprazolam 2 lorazepam hail lord! ,9,,0,0,0,Neutral,,0
133,2922652886,1.69E+18,en,2023-08-16 09:23:27+00:00,lorazepam please,2,lorazepam please,2,,0,0,0,Neutral,neutral,0
134,1.10E+18,1.69E+18,en,2023-08-16 08:04:28+00:00,"@abandonedaagain Oh Seroquel works so differently for me.. weird that Seroquel helps me you sleep but I need Seroquel and clonazepam to work but it doesn‚Äôt work anymore now I need Seroquel, clona and lorazepam to work. Are you taking high dose of Seroquel? I only take 400mg for now used to be 600",54,seroquel works so differently weird that seroquel helps sleep but need seroquel clonazepam work but doesn't work anymore now need seroquel clona lorazepam work taking high dose seroquel only take 400mg now used be 600,35,,0,0.785,-0.085,Negative,negative,-1
135,1.10E+18,1.69E+18,en,2023-08-16 07:39:49+00:00,"@abandonedaagain Seroquel doesn‚Äôt really work for me in terms of sleeping ( and more ), and on top of that I take clonazepam. I still can‚Äôt sleep.. but yesterday my doctor gave me lorazepam and it worked! But 2 hours of sleep is not enough don‚Äôt you think ?",44,seroquel does not really work terms sleeping more top that take clonazepam still can not sleep but yesterday doctor gave lorazepam worked! but 2 hours sleep not enough do not think ?,25,,0,0.425,0.33125,Positive,positive,1
136,1.68E+18,1.69E+18,en,2023-08-16 06:17:27+00:00,@Amruta_sv Lorazepam is kept wher kids can access it? üòÆüòÆüòÆüò∞üò∞üò∞üò∞üòµüòµüòµ,9,lorazepam kept wher kids can access,6,,0,0,0,Neutral,neutral,0
137,1.50E+18,1.69E+18,en,2023-08-16 03:03:23+00:00,I believe it's the migraine. I'm taking this whole lorazepam hopefully that will end it finally. ü§ï,16,believe it is migraine i am taking whole lorazepam hopefully end finally,10,,0,0.7,0.1,Positive,positive,1
138,3179899968,1.69E+18,en,2023-08-16 02:57:30+00:00,I need a lorazepam &amp; a Yuengling after today,8,need lorazepam yuengling after today,5,,0,0,0,Neutral,neutral,0
139,1.68E+18,1.69E+18,en,2023-08-16 01:40:36+00:00,I &lt;3 lorazepam,3,i  lorazepam,3,,0,0,0,Neutral,,0
140,1.68E+18,1.69E+18,en,2023-08-15 23:20:39+00:00,Only thing that helped me wean myself off lorazepam was lemon balm tea. It‚Äôs so. Nice n makes u feel üßòüèª‚Äç‚ôÄÔ∏èüßòüèª‚Äç‚ôÄÔ∏èüßòüèª‚Äç‚ôÄÔ∏èüßòüèª‚Äç‚ôÄÔ∏èüßòüèª‚Äç‚ôÄÔ∏è,20,only thing that helped wean myself off lorazepam lemon balm tea it is so nice makes feel,16,,0,1,0.3,Positive,positive,1
141,36163784,1.69E+18,en,2023-08-15 22:22:18+00:00,"@BillShine8 Thanks Bill. A little Lorazepam will help!! I never enjoyed being high. I tried it, but it's not for me.",21,thanks bill little lorazepam help!! never enjoyed being high tried but it is not,13,,0,0.485,-0.045742187,Negative,negative,-1
142,1.07E+18,1.69E+18,en,2023-08-15 19:20:10+00:00,omg the gyno doctors gave me a lorazepam to relax me before any examination just for them to end up not examining me at all after talking to me (we scheduled labs and other stuff instead) so now im just basically stoned lomaomalmoa,43,omg gyno doctors gave lorazepam relax before any examination just them end up not examining all after talking scheduled labs other stuff instead so now im just basically stoned,29,,1,0.375,-0.125,Negative,negative,-1
143,1.55E+18,1.69E+18,en,2023-08-15 19:12:28+00:00,@lively Detox facilities give you lorazepam,6,detox facilities give lorazepam,4,,0,0.5,0.136363636,Positive,positive,1
144,87674057,1.69E+18,en,2023-08-15 18:20:46+00:00, lorazepam worked SO well for one of my family members. Really hope it does the same for you ü©∑ sending a gentle hug your way!,24,lorazepam worked so well one family members really hope does same sending  gentle hug way!,15,,0,0.375,0.15,Positive,positive,1
145,1378375831,1.69E+18,en,2023-08-15 18:19:32+00:00,@maddyeisenberg I‚Äôm sitting on my sofa üõãÔ∏è and reading and staying away from stress. Dr also gave me lorazepam for panic attacks,21,i'm sitting sofa reading staying away stres also gave lorazepam panic attacks,12,,0,0,0,Neutral,neutral,0
146,2984518355,1.69E+18,en,2023-08-15 17:33:56+00:00,@trewvs Tbh I do miss my old friend Lorazepam.,9,tbh do miss old friend lorazepam,6,,0,0.2,0.1,Positive,positive,1
147,1.42E+18,1.69E+18,en,2023-08-15 16:00:10+00:00,"2 mg of lorazepam in so far, abt to dose again !
 i haven‚Äôt used for like half a year now, i forget how spacey it makes me",27,2 mg  lorazepam  about dose again ! have not used  like half  year now forget how spacey makes ,17,,0,0.583333333,-0.020833333,Negative,neutral,-1
148,1.52E+18,1.69E+18,en,2023-08-15 15:38:14+00:00," @judysimpson222 @Underwoodpile @AmerMedicalAssn Haldol, lorazepam, Benadryl A cocktail given that kills patients Side effects: Unable to swallow Loss of movement 366:366Parkinson's like tremors Death Haldol is so dangerous yet nurses use it so they don't have to care for patientsKnock them out for 10-12 hrs",46,"haldol, lorazepam, benadryl cocktail given kills patients side effects: unable swallowloss movement parkinsons like tremors death haldol so dangerous yet nurses use so do not have care patients knock them out 10-12 hrs",33,,0,0.7,-0.55,Negative,,-1
149,1570225806,1.69E+18,en,2023-08-15 12:55:53+00:00,"Its hard, but it needs to be done. I was terrified when I was prescribed lorazepam here, and then finding out it's not all medication to make you into a zombie and icepick lobotomies. Though, we joke about that plenty here.",43,its hard but needs be done was terrified when was prescribed lorazepam here then finding out it is not all medication make into zombie icepick lobotomies though joke about plenty here,30,,0,0.541666667,-0.291666667,Negative,negative,-1
151,1.10E+18,1.69E+18,en,2023-08-15 07:34:51+00:00,"Got new meds hopefully this will fix my sleep, clonazepam you can die fuck you for ruining my fucking life I almost hurt myself because of you. Lorazepam pls don‚Äôt disappoint me",32,got new meds hopefully fix sleep clonazepam can die fuck ruining fucking life almost hurt myself because lorazepam pls do not disappoint,21,,0,0.618181818,-0.287878788,Negative,neutral,-1
152,1.32E+18,1.69E+18,en,2023-08-15 03:37:29+00:00,@NashIsHereForIt Bourbon and Lorazepam .,4,bourbon lorazepam,2,,0,0,0,Neutral,neutral,0
153,1.44E+18,1.69E+18,en,2023-08-15 03:22:23+00:00,@Pixyprince1 I take Lorazepam and find it pretty effective. I was pretty worried about the addictiveness but my psych told me it wasn't very likely. Taking a small dose helps. I hope you find something that works for you,39,take lorazepam find pretty effective was pretty worried about addictiveness but psych told was not very likely taking small dose helps hope find something works,24,,0,0.84,0.17,Positive,positive,1
154,1283872777,1.69E+18,en,2023-08-15 02:54:17+00:00,"@Pixyprince1 Hydroxyzine has also worked for me in the past, it‚Äôs an anti-histamine that is also prescribed for depression. Benzos have definitely been the most effective, Xanax tended to make me too sleepy but lorazepam was a good one.",39,hydroxyzine has also worked past it is anti-histamine also prescribed depression benzos have definitely been most effective xanax tended make too sleepy but lorazepam good one,25,,0,0.53,0.31,Positive,positive,1
155,1491417534,1.69E+18,en,2023-08-15 02:42:57+00:00,gf told me lorazepam isnt addictive‚Ä¶. challenge accepted,8,gf told lorazepam isnt addictive challenge accepted,7,,1,0,0,Neutral,positive,0
156,20462321,1.69E+18,en,2023-08-15 00:25:33+00:00,"@hellefuycked I take lorazepam for anxiety - 1 mg. For me it doesn't knock me out, just makes me really calm. I am very aware of what is going around me. However, it can make you tired. When I take one, I sleep well.",43,take lorazepam anxiety 1 mg does not knock out just makes really calm very aware what going around however can make tired when take one sleep well,26,,0,0.591666667,0.075,Positive,positive,1
157,15378567,1.69E+18,en,2023-08-14 21:56:54+00:00,Well I'm full of lorazepam and cocaine... https://t.co/6S7qca3zYB,8,well i am full lorazepam cocaine,5,,0,0.55,0.35,Positive,positive,1
158,1.69E+18,1.69E+18,en,2023-08-14 21:29:18+00:00,@sternimommy monday left me broken like lorazepam,7,monday left broken like lorazepam,5,,0,0.2,-0.2,Negative,negative,-1
159,7.35E+17,1.69E+18,en,2023-08-14 21:07:09+00:00,"my dentist is giving me lorazepam tomorrow cause i‚Äôm scared, anyone have any experience with it? i just need someone to tell me i‚Äôm not gonna die üò≠",27,dentist giving lorazepam tomorrow cause i am scared anyone have any experience? just need someone tell i am not gonna die,19,,0,0,0,Neutral,neutral,0
160,236120358,1.69E+18,en,2023-08-14 20:48:41+00:00,Someone throw Soma some lorazepam. ü•∫,5,someone throw soma some lorazepam,5,,0,0,0,Neutral,neutral,0
161,8.88E+17,1.69E+18,en,2023-08-14 20:38:51+00:00,@bpughdo My sister‚Äôs significant other is in a similar situation. He‚Äôs now on in patient hospice with morphine and lorazepam.  Hope for a speedy departure for both of them.,31,sisters significant other similar situation he is now patient hospice morphine lorazepam  hope speedy departure both them,18,,0,0.55,0.083333333,Positive,positive,1
162,851148098,1.69E+18,en,2023-08-14 19:46:04+00:00,"@JauntyyGurl You are still here üòÇüòÇüòÇ.. alright, I think people who will go through all our tweet will know the true Yabaleft candidate. Your Mental health is real girl, take it easy before I recommend lorazepam and diazepam together for you‚Ä¶ those housemate don‚Äôt know anybody oüòÇüòÇüòÇ.",45,still here alright think people who go through all tweet know true yabaleft candidate mental health  real girl take easy before recommend lorazepam diazepam together  housemate do not know anybody ,30,,0,0.495833333,0.220833333,Positive,positive,1
163,8.92E+17,1.69E+18,en,2023-08-14 19:05:57+00:00,it would have made so much more sense for her to come forward and just say she took Lorazepam or sth similar bc she's scared of flying and the meds made her gaga. the weird apology nobody asked for and zero explanation for her freak out just make it all more sus. just my 2 cents https://t.co/yZRfbv79gq,57,would have made so much more sense come forward just say took lorazepam sth similar bc she is scared flying meds made gaga weird apology nobody asked zero explanation freak out just make all more sus. just 2 cents,39,,0,0.6,0.125,Positive,positive,1
164,1.09E+18,1.69E+18,en,2023-08-14 18:17:41+00:00,RT @MayaBizri: Malignant catatonia (p.22) - up lorazepam to 24 mg x 48 hrs then ECT @RitaKhouryMD @ftmaalouf @faridtalih @halaitanii @rawan‚Ä¶,34,malignant catatonia p.22 up lorazepam 24 mg x 48 hrs then ect ,26,,2,0,0,Neutral,,0
165,1.10E+18,1.69E+18,en,2023-08-14 16:24:04+00:00,@ChestersKaren Lorazepam is another common one. Didn‚Äôt definitely end with ‚Äòepam‚Äô?,11,lorazepam another common one did not definitely end,7,,0,0.5,-0.15,Negative,neutral,-1
166,2954949272,1.69E+18,en,2023-08-14 16:00:15+00:00,"@shahh Pray pray pray pray pray to God &amp; lorazepam is a life saver. Don‚Äôt recommend it for long term use but if you need it take it, can save your mind until you get better!",35,pray  god lorazepam life saver do not recommend long term use but need take can save mind until get better!,19,,0,0.45,0.2875,Positive,positive,1
167,373029996,1.69E+18,en,2023-08-14 13:56:04+00:00,"@TopherHarrison_ Propranolol has worked for me recently, but it‚Äôs short lived. Lorazepam also works well but again I don‚Äôt really get a lengthy relief personally.",25, propranolol has worked recently but it is short lived lorazepam works well but again do not really get lengthy relief personally,19,,0,0.2625,0.05,Positive,positive,1
